priority,rank,name,url,focus,source,source_page
5,A,Driftime,https://2025.driftime.com,motion,A1 Gallery,https://www.a1.gallery
11,A,MCKP,https://mckp.live,motion,A1 Gallery,https://www.a1.gallery
22,A,Trionn,https://trionn.com,motion,A1 Gallery,https://www.a1.gallery
31,A,Wild,https://craft.wild.as,motion,A1 Gallery,https://www.a1.gallery
1001,M,dnlsptzk IV,https://www.awwwards.com/sites/dnlsptzk-iv,motion,Awwwards — Sites of the Day,https://www.awwwards.com/websites/sites_of_the_day/?page=51
1002,N,basement studio,https://www.awwwards.com/sites/basement-studio-1,motion,Awwwards — Sites of the Day,https://www.awwwards.com/websites/sites_of_the_day/?page=51
1003,N,Vitra – Office Chair Finder,https://www.awwwards.com/sites/vitra-office-chair-finder,motion,Awwwards — Sites of the Day,https://www.awwwards.com/websites/sites_of_the_day/?page=51
1004,N,Santa Teresa,https://www.awwwards.com/sites/santa-teresa,motion,Awwwards — Sites of the Day,https://www.awwwards.com/websites/sites_of_the_day/?page=51
1005,N,Sarah Fatmi,https://www.awwwards.com/sites/sarah-fatmi,motion,Awwwards — Sites of the Day,https://www.awwwards.com/websites/sites_of_the_day/?page=51
1006,N,Marble,https://www.awwwards.com/sites/marble-3,motion,Awwwards — Sites of the Day,https://www.awwwards.com/websites/sites_of_the_day/?page=51
1007,N,POLA: Mother's Day,https://www.awwwards.com/sites/pola-mothers-day,motion,Awwwards — Sites of the Day,https://www.awwwards.com/websites/sites_of_the_day/?page=51
1008,N,Zulu Longines,https://www.awwwards.com/sites/zulu-longines,motion,Awwwards — Sites of the Day,https://www.awwwards.com/websites/sites_of_the_day/?page=51
1009,N,Ana Blagojevic,https://www.awwwards.com/sites/ana-blagojevic,motion,Awwwards — Sites of the Day,https://www.awwwards.com/websites/sites_of_the_day/?page=51
1010,N,Kim Kneipp Folio,https://www.awwwards.com/sites/kim-kneipp-folio,motion,Awwwards — Sites of the Day,https://www.awwwards.com/websites/sites_of_the_day/?page=51
1011,N,Fornasetti Profumi,https://www.awwwards.com/sites/fornasetti-profumi,motion,Awwwards — Sites of the Day,https://www.awwwards.com/websites/sites_of_the_day/?page=51
1012,N,The Cube,https://www.awwwards.com/sites/the-cube,motion,Awwwards — Sites of the Day,https://www.awwwards.com/websites/sites_of_the_day/?page=51
1013,N,Museum of Sharaf Rashidov,https://www.awwwards.com/sites/museum-of-sharaf-rashidov,motion,Awwwards — Sites of the Day,https://www.awwwards.com/websites/sites_of_the_day/?page=51
1014,N,Display Studio,https://www.awwwards.com/sites/display-studio,motion,Awwwards — Sites of the Day,https://www.awwwards.com/websites/sites_of_the_day/?page=51
1015,N,The Other Side of Truth,https://www.awwwards.com/sites/the-other-side-of-truth,motion,Awwwards — Sites of the Day,https://www.awwwards.com/websites/sites_of_the_day/?page=51
1016,N,Persepolis Reimagined,https://www.awwwards.com/sites/persepolis-reimagined,motion,Awwwards — Sites of the Day,https://www.awwwards.com/websites/sites_of_the_day/?page=51
1017,N,Haven Studios,https://www.awwwards.com/sites/haven-studios,motion,Awwwards — Sites of the Day,https://www.awwwards.com/websites/sites_of_the_day/?page=51
1018,N,DashDigital® Studio,https://www.awwwards.com/sites/dashdigital-r-studio,motion,Awwwards — Sites of the Day,https://www.awwwards.com/websites/sites_of_the_day/?page=51
1019,N,TAG Heuer Connected Calibre E4,https://www.awwwards.com/sites/tag-heuer-connected-calibre-e4,motion,Awwwards — Sites of the Day,https://www.awwwards.com/websites/sites_of_the_day/?page=51
1020,N,Cyd Stumpel — Portfolio 2022,https://www.awwwards.com/sites/cyd-stumpel-portfolio-2022,motion,Awwwards — Sites of the Day,https://www.awwwards.com/websites/sites_of_the_day/?page=51
1021,N,The Craftsmen,https://www.awwwards.com/sites/the-craftsmen,motion,Awwwards — Sites of the Day,https://www.awwwards.com/websites/sites_of_the_day/?page=51
1022,N,Vendredi Society,https://www.awwwards.com/sites/vendredi-society,motion,Awwwards — Sites of the Day,https://www.awwwards.com/websites/sites_of_the_day/?page=51
1023,N,ZiKD SPACE,https://www.awwwards.com/sites/zikd-space,motion,Awwwards — Sites of the Day,https://www.awwwards.com/websites/sites_of_the_day/?page=51
1024,N,Rugby Man,https://www.awwwards.com/sites/rugby-man,motion,Awwwards — Sites of the Day,https://www.awwwards.com/websites/sites_of_the_day/?page=51
1025,N,Exo Ape,https://www.awwwards.com/sites/exo-ape,motion,Awwwards — Sites of the Day,https://www.awwwards.com/websites/sites_of_the_day/?page=51
1026,N,Peter Tarka,https://www.awwwards.com/sites/peter-tarka,motion,Awwwards — Sites of the Day,https://www.awwwards.com/websites/sites_of_the_day/?page=51
1027,N,Panic Studio,https://www.awwwards.com/sites/panic-studio,motion,Awwwards — Sites of the Day,https://www.awwwards.com/websites/sites_of_the_day/?page=51
1028,N,Elsa Joseph Architecture,https://www.awwwards.com/sites/elsa-joseph-architecture,motion,Awwwards — Sites of the Day,https://www.awwwards.com/websites/sites_of_the_day/?page=51
1029,N,Webflow Redis Agency,https://www.awwwards.com/sites/webflow-redis-agency,motion,Awwwards — Sites of the Day,https://www.awwwards.com/websites/sites_of_the_day/?page=51
1030,N,Vestiaire Collective Report 22,https://www.awwwards.com/sites/vestiaire-collective-report-22,motion,Awwwards — Sites of the Day,https://www.awwwards.com/websites/sites_of_the_day/?page=51
1031,N,Erin Wesley,https://www.awwwards.com/sites/erin-wesley,motion,Awwwards — Sites of the Day,https://www.awwwards.com/websites/sites_of_the_day/?page=51
1032,N,Radioactive Crocs Club,https://www.awwwards.com/sites/radioactive-crocs-club,motion,Awwwards — Sites of the Day,https://www.awwwards.com/websites/sites_of_the_day/?page=52
1033,N,Tom Sears Personal Portfolio,https://www.awwwards.com/sites/tom-sears-personal-portfolio,motion,Awwwards — Sites of the Day,https://www.awwwards.com/websites/sites_of_the_day/?page=52
1034,N,Korty EO,https://www.awwwards.com/sites/korty-eo,motion,Awwwards — Sites of the Day,https://www.awwwards.com/websites/sites_of_the_day/?page=52
1035,N,Picsart - Unboring Boring,https://www.awwwards.com/sites/picsart-unboring-boring,motion,Awwwards — Sites of the Day,https://www.awwwards.com/websites/sites_of_the_day/?page=52
1036,N,Kirschberg,https://www.awwwards.com/sites/kirschberg-2,motion,Awwwards — Sites of the Day,https://www.awwwards.com/websites/sites_of_the_day/?page=52
1037,N,Artistas Migrantes Thyssen,https://www.awwwards.com/sites/artistas-migrantes-thyssen,motion,Awwwards — Sites of the Day,https://www.awwwards.com/websites/sites_of_the_day/?page=52
1038,N,Wyre,https://www.awwwards.com/sites/wyre,motion,Awwwards — Sites of the Day,https://www.awwwards.com/websites/sites_of_the_day/?page=52
1039,N,Infinite Passerella,https://www.awwwards.com/sites/infinite-passerella,motion,Awwwards — Sites of the Day,https://www.awwwards.com/websites/sites_of_the_day/?page=52
1040,N,Antecâmara Studio,https://www.awwwards.com/sites/antecamara-studio,motion,Awwwards — Sites of the Day,https://www.awwwards.com/websites/sites_of_the_day/?page=52
1041,N,Flutter,https://www.awwwards.com/sites/flutter,motion,Awwwards — Sites of the Day,https://www.awwwards.com/websites/sites_of_the_day/?page=52
1042,N,Ion X1,https://www.awwwards.com/sites/ion-x1,motion,Awwwards — Sites of the Day,https://www.awwwards.com/websites/sites_of_the_day/?page=52
1043,N,QUERDENKEN EVERYTHING,https://www.awwwards.com/sites/querdenken-everything,motion,Awwwards — Sites of the Day,https://www.awwwards.com/websites/sites_of_the_day/?page=52
1044,N,The Empathy Experiment,https://www.awwwards.com/sites/the-empathy-experiment,motion,Awwwards — Sites of the Day,https://www.awwwards.com/websites/sites_of_the_day/?page=52
1045,N,Tenzr,https://www.awwwards.com/sites/tenzr,motion,Awwwards — Sites of the Day,https://www.awwwards.com/websites/sites_of_the_day/?page=52
1046,N,Dumpling Delivery by Mailchimp,https://www.awwwards.com/sites/dumpling-delivery-by-mailchimp,motion,Awwwards — Sites of the Day,https://www.awwwards.com/websites/sites_of_the_day/?page=52
1047,N,Typefinder,https://www.awwwards.com/sites/typefinder,motion,Awwwards — Sites of the Day,https://www.awwwards.com/websites/sites_of_the_day/?page=52
1048,N,Jacques Marie Mage,https://www.awwwards.com/sites/jacques-marie-mage,motion,Awwwards — Sites of the Day,https://www.awwwards.com/websites/sites_of_the_day/?page=52
1049,N,Zendetta - A story from Syria,https://www.awwwards.com/sites/zendetta-a-story-from-syria,motion,Awwwards — Sites of the Day,https://www.awwwards.com/websites/sites_of_the_day/?page=52
1050,N,Dr.Dabber Experience,https://www.awwwards.com/sites/dr-dabber-experience,motion,Awwwards — Sites of the Day,https://www.awwwards.com/websites/sites_of_the_day/?page=52
1051,N,HAPE,https://www.awwwards.com/sites/hape,motion,Awwwards — Sites of the Day,https://www.awwwards.com/websites/sites_of_the_day/?page=52
1052,N,Victor Work,https://www.awwwards.com/sites/victor-work,motion,Awwwards — Sites of the Day,https://www.awwwards.com/websites/sites_of_the_day/?page=52
1053,N,TRUE,https://www.awwwards.com/sites/true-1,motion,Awwwards — Sites of the Day,https://www.awwwards.com/websites/sites_of_the_day/?page=52
1054,N,Yannick Gregoire,https://www.awwwards.com/sites/yannick-gregoire,motion,Awwwards — Sites of the Day,https://www.awwwards.com/websites/sites_of_the_day/?page=52
1055,N,Nul,https://www.awwwards.com/sites/nul,motion,Awwwards — Sites of the Day,https://www.awwwards.com/websites/sites_of_the_day/?page=52
1056,N,Murray Art Museum Albury,https://www.awwwards.com/sites/murray-art-museum-albury,motion,Awwwards — Sites of the Day,https://www.awwwards.com/websites/sites_of_the_day/?page=52
1057,N,Plasticbionic,https://www.awwwards.com/sites/plasticbionic,motion,Awwwards — Sites of the Day,https://www.awwwards.com/websites/sites_of_the_day/?page=52
1058,N,Richard Ekwonye - Portfolio,https://www.awwwards.com/sites/richard-ekwonye-portfolio,motion,Awwwards — Sites of the Day,https://www.awwwards.com/websites/sites_of_the_day/?page=52
1059,N,Pact,https://www.awwwards.com/sites/pact,motion,Awwwards — Sites of the Day,https://www.awwwards.com/websites/sites_of_the_day/?page=52
1060,N,MOHEIM,https://www.awwwards.com/sites/moheim,motion,Awwwards — Sites of the Day,https://www.awwwards.com/websites/sites_of_the_day/?page=52
1061,N,Stas Bondar Portfolio Website,https://www.awwwards.com/sites/stas-bondar-portfolio-website,motion,Awwwards — Sites of the Day,https://www.awwwards.com/websites/sites_of_the_day/?page=52
1062,N,Uplinq,https://www.awwwards.com/sites/uplinq,motion,Awwwards — Sites of the Day,https://www.awwwards.com/websites/sites_of_the_day/?page=52
1063,N,Guillaume Tomasi,https://www.awwwards.com/sites/guillaume-tomasi-2,motion,Awwwards — Sites of the Day,https://www.awwwards.com/websites/sites_of_the_day/?page=53
1064,N,Brainbox AI,https://www.awwwards.com/sites/brainbox-ai,motion,Awwwards — Sites of the Day,https://www.awwwards.com/websites/sites_of_the_day/?page=53
1065,N,Welcome to the House of Gucci,https://www.awwwards.com/sites/welcome-to-the-house-of-gucci,motion,Awwwards — Sites of the Day,https://www.awwwards.com/websites/sites_of_the_day/?page=53
1067,N,Blok Watches,https://www.awwwards.com/sites/blok-watches,motion,Awwwards — Sites of the Day,https://www.awwwards.com/websites/sites_of_the_day/?page=53
1068,N,Jantana Hennard — Portfolio,https://www.awwwards.com/sites/jantana-hennard-portfolio,motion,Awwwards — Sites of the Day,https://www.awwwards.com/websites/sites_of_the_day/?page=53
1069,N,KARAK,https://www.awwwards.com/sites/karak,motion,Awwwards — Sites of the Day,https://www.awwwards.com/websites/sites_of_the_day/?page=53
1070,N,Howdy Design Family,https://www.awwwards.com/sites/howdy-design-family,motion,Awwwards — Sites of the Day,https://www.awwwards.com/websites/sites_of_the_day/?page=53
1071,N,I Killed A Cactus,https://www.awwwards.com/sites/i-killed-a-cactus,motion,Awwwards — Sites of the Day,https://www.awwwards.com/websites/sites_of_the_day/?page=53
1072,N,Frantoio Cavalli,https://www.awwwards.com/sites/frantoio-cavalli,motion,Awwwards — Sites of the Day,https://www.awwwards.com/websites/sites_of_the_day/?page=53
1073,N,Study Hall Design Studio,https://www.awwwards.com/sites/study-hall-design-studio,motion,Awwwards — Sites of the Day,https://www.awwwards.com/websites/sites_of_the_day/?page=53
1074,N,Dennis Snellenberg,https://www.awwwards.com/sites/dennis-snellenberg,motion,Awwwards — Sites of the Day,https://www.awwwards.com/websites/sites_of_the_day/?page=53
1075,N,La Guía de Cirugía Cardíaca,https://www.awwwards.com/sites/la-guia-de-cirugia-cardiaca,motion,Awwwards — Sites of the Day,https://www.awwwards.com/websites/sites_of_the_day/?page=53
1076,N,Likely Story 2022,https://www.awwwards.com/sites/likely-story-2022,motion,Awwwards — Sites of the Day,https://www.awwwards.com/websites/sites_of_the_day/?page=53
1077,N,Robin Payot - Portfolio 2022,https://www.awwwards.com/sites/robin-payot-portfolio-2022,motion,Awwwards — Sites of the Day,https://www.awwwards.com/websites/sites_of_the_day/?page=53
1078,N,Potion,https://www.awwwards.com/sites/potion,motion,Awwwards — Sites of the Day,https://www.awwwards.com/websites/sites_of_the_day/?page=53
1079,O,Visuals – BryBry,https://www.awwwards.com/sites/visuals-brybry,motion,Awwwards — Sites of the Day,https://www.awwwards.com/websites/sites_of_the_day/?page=53
1080,O,YETI,https://www.awwwards.com/sites/yeti,motion,Awwwards — Sites of the Day,https://www.awwwards.com/websites/sites_of_the_day/?page=53
1081,O,Diabla,https://www.awwwards.com/sites/diabla,motion,Awwwards — Sites of the Day,https://www.awwwards.com/websites/sites_of_the_day/?page=53
1082,O,Studio 9P,https://www.awwwards.com/sites/studio-9p,motion,Awwwards — Sites of the Day,https://www.awwwards.com/websites/sites_of_the_day/?page=53
1084,O,Om Swami,https://www.awwwards.com/sites/om-swami,motion,Awwwards — Sites of the Day,https://www.awwwards.com/websites/sites_of_the_day/?page=53
1085,O,Sougen,https://www.awwwards.com/sites/sougen,motion,Awwwards — Sites of the Day,https://www.awwwards.com/websites/sites_of_the_day/?page=53
1086,O,Welcome To The Continent,https://www.awwwards.com/sites/welcome-to-the-continent,motion,Awwwards — Sites of the Day,https://www.awwwards.com/websites/sites_of_the_day/?page=53
1087,O,CIRCUS Shanghai Inc.,https://www.awwwards.com/sites/circus-shanghai-inc,motion,Awwwards — Sites of the Day,https://www.awwwards.com/websites/sites_of_the_day/?page=53
1088,O,demophorius,https://www.awwwards.com/sites/demophorius,motion,Awwwards — Sites of the Day,https://www.awwwards.com/websites/sites_of_the_day/?page=53
1089,O,Sizzer,https://www.awwwards.com/sites/sizzer,motion,Awwwards — Sites of the Day,https://www.awwwards.com/websites/sites_of_the_day/?page=53
1090,O,EmCell,https://www.awwwards.com/sites/emcell,motion,Awwwards — Sites of the Day,https://www.awwwards.com/websites/sites_of_the_day/?page=53
1091,O,Transmissions,https://www.awwwards.com/sites/transmissions,motion,Awwwards — Sites of the Day,https://www.awwwards.com/websites/sites_of_the_day/?page=53
1092,O,MILL3,https://www.awwwards.com/sites/mill3,motion,Awwwards — Sites of the Day,https://www.awwwards.com/websites/sites_of_the_day/?page=53
1093,O,MicroWaver 59™,https://www.awwwards.com/sites/microwaver-59tm,motion,Awwwards — Sites of the Day,https://www.awwwards.com/websites/sites_of_the_day/?page=53
1094,O,Moooi - Defy Gravity,https://www.awwwards.com/sites/moooi-defy-gravity,motion,Awwwards — Sites of the Day,https://www.awwwards.com/websites/sites_of_the_day/?page=54
1095,O,Mubien Brands,https://www.awwwards.com/sites/mubien-brands,motion,Awwwards — Sites of the Day,https://www.awwwards.com/websites/sites_of_the_day/?page=54
1096,O,THOUGHTLAB,https://www.awwwards.com/sites/thoughtlab,motion,Awwwards — Sites of the Day,https://www.awwwards.com/websites/sites_of_the_day/?page=54
1097,O,The Race - Interparfums,https://www.awwwards.com/sites/the-race-interparfums,motion,Awwwards — Sites of the Day,https://www.awwwards.com/websites/sites_of_the_day/?page=54
1098,O,The Nifty  Portal,https://www.awwwards.com/sites/the-nifty-portal,motion,Awwwards — Sites of the Day,https://www.awwwards.com/websites/sites_of_the_day/?page=54
1099,O,Garden Eight,https://www.awwwards.com/sites/garden-eight,motion,Awwwards — Sites of the Day,https://www.awwwards.com/websites/sites_of_the_day/?page=54
1100,O,Filippo Bello,https://www.awwwards.com/sites/filippo-bello-1,motion,Awwwards — Sites of the Day,https://www.awwwards.com/websites/sites_of_the_day/?page=54
1101,O,Oh Happy Days,https://www.awwwards.com/sites/oh-happy-days,motion,Awwwards — Sites of the Day,https://www.awwwards.com/websites/sites_of_the_day/?page=54
1102,O,e-Money,https://www.awwwards.com/sites/e-money,motion,Awwwards — Sites of the Day,https://www.awwwards.com/websites/sites_of_the_day/?page=54
1103,O,Wanderful Chalet,https://www.awwwards.com/sites/wanderful-chalet,motion,Awwwards — Sites of the Day,https://www.awwwards.com/websites/sites_of_the_day/?page=54
1104,O,Vaayu,https://www.awwwards.com/sites/vaayu,motion,Awwwards — Sites of the Day,https://www.awwwards.com/websites/sites_of_the_day/?page=54
1105,O,"365, A Year of Cartier",https://www.awwwards.com/sites/365-a-year-of-cartier,motion,Awwwards — Sites of the Day,https://www.awwwards.com/websites/sites_of_the_day/?page=54
1106,O,Opportunities for Our Avatars,https://www.awwwards.com/sites/opportunities-for-our-avatars,motion,Awwwards — Sites of the Day,https://www.awwwards.com/websites/sites_of_the_day/?page=54
1107,O,Cowboy Bikes U.S. teaser,https://www.awwwards.com/sites/cowboy-bikes-u-s-teaser,motion,Awwwards — Sites of the Day,https://www.awwwards.com/websites/sites_of_the_day/?page=54
1109,O,Engineered Floors,https://www.awwwards.com/sites/engineered-floors,motion,Awwwards — Sites of the Day,https://www.awwwards.com/websites/sites_of_the_day/?page=54
1110,O,A digital cat meditation,https://www.awwwards.com/sites/a-digital-cat-meditation,motion,Awwwards — Sites of the Day,https://www.awwwards.com/websites/sites_of_the_day/?page=54
1111,O,Silvia Sguotti,https://www.awwwards.com/sites/silvia-sguotti,motion,Awwwards — Sites of the Day,https://www.awwwards.com/websites/sites_of_the_day/?page=54
1112,O,Neondoor,https://www.awwwards.com/sites/neondoor,motion,Awwwards — Sites of the Day,https://www.awwwards.com/websites/sites_of_the_day/?page=54
1113,O,Wildcatter,https://www.awwwards.com/sites/wildcatter,motion,Awwwards — Sites of the Day,https://www.awwwards.com/websites/sites_of_the_day/?page=54
1115,O,Nike PLAYlab,https://www.awwwards.com/sites/nike-playlab,motion,Awwwards — Sites of the Day,https://www.awwwards.com/websites/sites_of_the_day/?page=54
1116,O,Made to Be Found,https://www.awwwards.com/sites/made-to-be-found,motion,Awwwards — Sites of the Day,https://www.awwwards.com/websites/sites_of_the_day/?page=54
1117,O,SteelWave,https://www.awwwards.com/sites/steelwave,motion,Awwwards — Sites of the Day,https://www.awwwards.com/websites/sites_of_the_day/?page=54
1118,O,ARCR,https://www.awwwards.com/sites/arcr-1,motion,Awwwards — Sites of the Day,https://www.awwwards.com/websites/sites_of_the_day/?page=54
1119,O,favorit.studio,https://www.awwwards.com/sites/favorit-studio,motion,Awwwards — Sites of the Day,https://www.awwwards.com/websites/sites_of_the_day/?page=54
1120,O,Decor Systems,https://www.awwwards.com/sites/decor-systems,motion,Awwwards — Sites of the Day,https://www.awwwards.com/websites/sites_of_the_day/?page=54
1121,O,WE-ON,https://www.awwwards.com/sites/we-on,motion,Awwwards — Sites of the Day,https://www.awwwards.com/websites/sites_of_the_day/?page=54
1122,O,Argor-Heraeus,https://www.awwwards.com/sites/argor-heraeus,motion,Awwwards — Sites of the Day,https://www.awwwards.com/websites/sites_of_the_day/?page=54
1123,O,Veloretti,https://www.awwwards.com/sites/veloretti,motion,Awwwards — Sites of the Day,https://www.awwwards.com/websites/sites_of_the_day/?page=54
1125,O,Studio Debuut,https://www.awwwards.com/sites/studio-debuut,motion,Awwwards — Sites of the Day,https://www.awwwards.com/websites/sites_of_the_day/?page=55
1126,O,Woset,https://www.awwwards.com/sites/woset,motion,Awwwards — Sites of the Day,https://www.awwwards.com/websites/sites_of_the_day/?page=55
1127,O,Magical Reflections,https://www.awwwards.com/sites/magical-reflections,motion,Awwwards — Sites of the Day,https://www.awwwards.com/websites/sites_of_the_day/?page=55
1128,O,MICA,https://www.awwwards.com/sites/mica,motion,Awwwards — Sites of the Day,https://www.awwwards.com/websites/sites_of_the_day/?page=55
1129,O,Defund Tigray Genocide,https://www.awwwards.com/sites/defund-tigray-genocide,motion,Awwwards — Sites of the Day,https://www.awwwards.com/websites/sites_of_the_day/?page=55
1130,O,KeepGrading,https://www.awwwards.com/sites/keepgrading,motion,Awwwards — Sites of the Day,https://www.awwwards.com/websites/sites_of_the_day/?page=55
1131,O,ALTS Digital,https://www.awwwards.com/sites/alts-digital,motion,Awwwards — Sites of the Day,https://www.awwwards.com/websites/sites_of_the_day/?page=55
1132,O,The Game Awards Microverse,https://www.awwwards.com/sites/the-game-awards-microverse,motion,Awwwards — Sites of the Day,https://www.awwwards.com/websites/sites_of_the_day/?page=55
1133,O,January Third | The 2021 Story,https://www.awwwards.com/sites/january-third-the-2021-story,motion,Awwwards — Sites of the Day,https://www.awwwards.com/websites/sites_of_the_day/?page=55
1134,O,TALA,https://www.awwwards.com/sites/tala,motion,Awwwards — Sites of the Day,https://www.awwwards.com/websites/sites_of_the_day/?page=55
1135,O,Notorious Nooch Co.,https://www.awwwards.com/sites/notorious-nooch-co-2,motion,Awwwards — Sites of the Day,https://www.awwwards.com/websites/sites_of_the_day/?page=55
1136,O,monopo saigon,https://www.awwwards.com/sites/monopo-saigon,motion,Awwwards — Sites of the Day,https://www.awwwards.com/websites/sites_of_the_day/?page=55
1137,O,Health By Habit,https://www.awwwards.com/sites/health-by-habit,motion,Awwwards — Sites of the Day,https://www.awwwards.com/websites/sites_of_the_day/?page=55
1138,O,PHOTON Experience,https://www.awwwards.com/sites/photon-experience,motion,Awwwards — Sites of the Day,https://www.awwwards.com/websites/sites_of_the_day/?page=55
1139,O,Florent Biffi - Portfolio 2021,https://www.awwwards.com/sites/florent-biffi-portfolio-2021,motion,Awwwards — Sites of the Day,https://www.awwwards.com/websites/sites_of_the_day/?page=55
1140,O,Plus X digital showroom,https://www.awwwards.com/sites/plus-x-digital-showroom,motion,Awwwards — Sites of the Day,https://www.awwwards.com/websites/sites_of_the_day/?page=55
1141,O,Chirpley,https://www.awwwards.com/sites/chirpley,motion,Awwwards — Sites of the Day,https://www.awwwards.com/websites/sites_of_the_day/?page=55
1142,O,Aston Currency Management,https://www.awwwards.com/sites/aston-currency-management,motion,Awwwards — Sites of the Day,https://www.awwwards.com/websites/sites_of_the_day/?page=55
1143,O,Ideas Report 2021,https://www.awwwards.com/sites/ideas-report-2021,motion,Awwwards — Sites of the Day,https://www.awwwards.com/websites/sites_of_the_day/?page=55
1144,O,SKINN BRANDING AGENCY,https://www.awwwards.com/sites/skinn-branding-agency,motion,Awwwards — Sites of the Day,https://www.awwwards.com/websites/sites_of_the_day/?page=55
1145,O,La puce à l'oreille,https://www.awwwards.com/sites/la-puce-a-loreille,motion,Awwwards — Sites of the Day,https://www.awwwards.com/websites/sites_of_the_day/?page=55
1146,O,IKEA “25 ANIVERSARIO JUNTOS”,https://www.awwwards.com/sites/ikea-25-aniversario-juntos,motion,Awwwards — Sites of the Day,https://www.awwwards.com/websites/sites_of_the_day/?page=55
1147,O,Poklonnaya 9,https://www.awwwards.com/sites/poklonnaya-9,motion,Awwwards — Sites of the Day,https://www.awwwards.com/websites/sites_of_the_day/?page=55
1148,O,Alef Estate,https://www.awwwards.com/sites/alef-estate,motion,Awwwards — Sites of the Day,https://www.awwwards.com/websites/sites_of_the_day/?page=55
1149,O,Pienso,https://www.awwwards.com/sites/pienso,motion,Awwwards — Sites of the Day,https://www.awwwards.com/websites/sites_of_the_day/?page=55
1150,O,Elite Interior Design,https://www.awwwards.com/sites/elite-interior-design,motion,Awwwards — Sites of the Day,https://www.awwwards.com/websites/sites_of_the_day/?page=55
1151,O,Outhere Music,https://www.awwwards.com/sites/outhere-music,motion,Awwwards — Sites of the Day,https://www.awwwards.com/websites/sites_of_the_day/?page=55
1152,O,Broadwick Live,https://www.awwwards.com/sites/broadwick-live,motion,Awwwards — Sites of the Day,https://www.awwwards.com/websites/sites_of_the_day/?page=55
1153,O,Manoverboard,https://www.awwwards.com/sites/manoverboard-corp,motion,Awwwards — Sites of the Day,https://www.awwwards.com/websites/sites_of_the_day/?page=55
1154,O,Azzerad Studios,https://www.awwwards.com/sites/azzerad-studios,motion,Awwwards — Sites of the Day,https://www.awwwards.com/websites/sites_of_the_day/?page=55
1156,P,ListAcross,https://www.awwwards.com/sites/listacross,motion,Awwwards — Sites of the Day,https://www.awwwards.com/websites/sites_of_the_day/?page=56
1157,P,The Unconventional Gallery,https://www.awwwards.com/sites/the-unconventional-gallery,motion,Awwwards — Sites of the Day,https://www.awwwards.com/websites/sites_of_the_day/?page=56
1158,P,The Swell Gallery by Ripple,https://www.awwwards.com/sites/the-swell-gallery-by-ripple,motion,Awwwards — Sites of the Day,https://www.awwwards.com/websites/sites_of_the_day/?page=56
1159,P,Henri Heymans 2021 Portfolio,https://www.awwwards.com/sites/henri-heymans-2021-portfolio,motion,Awwwards — Sites of the Day,https://www.awwwards.com/websites/sites_of_the_day/?page=56
1160,P,BlueYard,https://www.awwwards.com/sites/blueyard,motion,Awwwards — Sites of the Day,https://www.awwwards.com/websites/sites_of_the_day/?page=56
1161,P,Antinomy Studio,https://www.awwwards.com/sites/antinomy-studio,motion,Awwwards — Sites of the Day,https://www.awwwards.com/websites/sites_of_the_day/?page=56
1162,P,Your 2021 Neighbourly Impact,https://www.awwwards.com/sites/your-2021-neighbourly-impact,motion,Awwwards — Sites of the Day,https://www.awwwards.com/websites/sites_of_the_day/?page=56
1165,P,Village Montréal,https://www.awwwards.com/sites/village-montreal,motion,Awwwards — Sites of the Day,https://www.awwwards.com/websites/sites_of_the_day/?page=56
1166,P,Virtual Expo Dubai 2020,https://www.awwwards.com/sites/virtual-expo-dubai-2020,motion,Awwwards — Sites of the Day,https://www.awwwards.com/websites/sites_of_the_day/?page=56
1167,P,Vovi,https://www.awwwards.com/sites/vovi,motion,Awwwards — Sites of the Day,https://www.awwwards.com/websites/sites_of_the_day/?page=56
1169,P,Lama Lama,https://www.awwwards.com/sites/lama-lama,motion,Awwwards — Sites of the Day,https://www.awwwards.com/websites/sites_of_the_day/?page=56
1171,P,20 Years of Xbox Museum,https://www.awwwards.com/sites/20-years-of-xbox-museum,motion,Awwwards — Sites of the Day,https://www.awwwards.com/websites/sites_of_the_day/?page=56
1172,P,The Future in Mind,https://www.awwwards.com/sites/the-future-in-mind,motion,Awwwards — Sites of the Day,https://www.awwwards.com/websites/sites_of_the_day/?page=56
1173,P,BBDO Creative Agency Portfolio,https://www.awwwards.com/sites/bbdo-creative-agency-portfolio,motion,Awwwards — Sites of the Day,https://www.awwwards.com/websites/sites_of_the_day/?page=56
1174,P,Dala,https://www.awwwards.com/sites/dala,motion,Awwwards — Sites of the Day,https://www.awwwards.com/websites/sites_of_the_day/?page=56
1175,P,Flowers for Society,https://www.awwwards.com/sites/flowers-for-society,motion,Awwwards — Sites of the Day,https://www.awwwards.com/websites/sites_of_the_day/?page=56
1176,P,Dormeuil SS 2021,https://www.awwwards.com/sites/dormeuil-ss-2021,motion,Awwwards — Sites of the Day,https://www.awwwards.com/websites/sites_of_the_day/?page=56
1177,P,De Bijenkorf magical forest,https://www.awwwards.com/sites/de-bijenkorf-magical-forest,motion,Awwwards — Sites of the Day,https://www.awwwards.com/websites/sites_of_the_day/?page=56
1178,P,A Promise Broken,https://www.awwwards.com/sites/a-promise-broken,motion,Awwwards — Sites of the Day,https://www.awwwards.com/websites/sites_of_the_day/?page=56
1179,P,New World Map,https://www.awwwards.com/sites/new-world-map-1,motion,Awwwards — Sites of the Day,https://www.awwwards.com/websites/sites_of_the_day/?page=56
1180,P,Dola,https://www.awwwards.com/sites/dola,motion,Awwwards — Sites of the Day,https://www.awwwards.com/websites/sites_of_the_day/?page=56
1182,P,Gemini,https://www.awwwards.com/sites/gemini,motion,Awwwards — Sites of the Day,https://www.awwwards.com/websites/sites_of_the_day/?page=56
1183,P,Mammut Digital Flagship Store,https://www.awwwards.com/sites/mammut-digital-flagship-store,motion,Awwwards — Sites of the Day,https://www.awwwards.com/websites/sites_of_the_day/?page=56
1184,P,Capsul'in Aluminium,https://www.awwwards.com/sites/capsulin-aluminium,motion,Awwwards — Sites of the Day,https://www.awwwards.com/websites/sites_of_the_day/?page=56
1185,P,Baillat Studio,https://www.awwwards.com/sites/baillat-studio,motion,Awwwards — Sites of the Day,https://www.awwwards.com/websites/sites_of_the_day/?page=56
1187,P,Totem.earth,https://www.awwwards.com/sites/totem-earth,motion,Awwwards — Sites of the Day,https://www.awwwards.com/websites/sites_of_the_day/?page=57
1188,P,JUST Egg,https://www.awwwards.com/sites/just-egg,motion,Awwwards — Sites of the Day,https://www.awwwards.com/websites/sites_of_the_day/?page=57
1189,P,NFT of the Dead,https://www.awwwards.com/sites/nft-of-the-dead,motion,Awwwards — Sites of the Day,https://www.awwwards.com/websites/sites_of_the_day/?page=57
1190,P,Daria Izbash,https://www.awwwards.com/sites/daria-izbash,motion,Awwwards — Sites of the Day,https://www.awwwards.com/websites/sites_of_the_day/?page=57
1191,P,Advanced Team,https://www.awwwards.com/sites/advanced-team,motion,Awwwards — Sites of the Day,https://www.awwwards.com/websites/sites_of_the_day/?page=57
1192,P,Moooi - Paper Play,https://www.awwwards.com/sites/moooi-paper-play,motion,Awwwards — Sites of the Day,https://www.awwwards.com/websites/sites_of_the_day/?page=57
1193,P,Ranboo Fashion,https://www.awwwards.com/sites/ranboo-fashion-merch-site,motion,Awwwards — Sites of the Day,https://www.awwwards.com/websites/sites_of_the_day/?page=57
1194,P,Perturbator,https://www.awwwards.com/sites/the-perturbator,motion,Awwwards — Sites of the Day,https://www.awwwards.com/websites/sites_of_the_day/?page=57
1195,P,ETQ Amsterdam,https://www.awwwards.com/sites/etq-amsterdam-1,motion,Awwwards — Sites of the Day,https://www.awwwards.com/websites/sites_of_the_day/?page=57
1196,P,Vivid+Co,https://www.awwwards.com/sites/vivid-co-1,motion,Awwwards — Sites of the Day,https://www.awwwards.com/websites/sites_of_the_day/?page=57
1197,P,Revolt,https://www.awwwards.com/sites/revolt,motion,Awwwards — Sites of the Day,https://www.awwwards.com/websites/sites_of_the_day/?page=57
1198,P,Hyperframe,https://www.awwwards.com/sites/hyperframe,motion,Awwwards — Sites of the Day,https://www.awwwards.com/websites/sites_of_the_day/?page=57
1199,P,Aquerone,https://www.awwwards.com/sites/aquerone,motion,Awwwards — Sites of the Day,https://www.awwwards.com/websites/sites_of_the_day/?page=57
1200,P,kirifuda inc.,https://www.awwwards.com/sites/kirifuda-inc,motion,Awwwards — Sites of the Day,https://www.awwwards.com/websites/sites_of_the_day/?page=57
1201,P,Constantinos Haritos,https://www.awwwards.com/sites/constantinos-haritos,motion,Awwwards — Sites of the Day,https://www.awwwards.com/websites/sites_of_the_day/?page=57
1202,P,Who is playing the Guqin,https://www.awwwards.com/sites/who-is-playing-the-guqin,motion,Awwwards — Sites of the Day,https://www.awwwards.com/websites/sites_of_the_day/?page=57
1204,P,Jomor Design,https://www.awwwards.com/sites/jomor-design-2,motion,Awwwards — Sites of the Day,https://www.awwwards.com/websites/sites_of_the_day/?page=57
1205,P,My Little Storybook,https://www.awwwards.com/sites/my-little-storybook,motion,Awwwards — Sites of the Day,https://www.awwwards.com/websites/sites_of_the_day/?page=57
1206,P,Control,https://www.awwwards.com/sites/control,motion,Awwwards — Sites of the Day,https://www.awwwards.com/websites/sites_of_the_day/?page=57
1207,P,Magnetism,https://www.awwwards.com/sites/magnetism,motion,Awwwards — Sites of the Day,https://www.awwwards.com/websites/sites_of_the_day/?page=57
1209,P,Artisans d'Idées,https://www.awwwards.com/sites/artisans-didees,motion,Awwwards — Sites of the Day,https://www.awwwards.com/websites/sites_of_the_day/?page=57
1210,P,Kalso,https://www.awwwards.com/sites/kalso,motion,Awwwards — Sites of the Day,https://www.awwwards.com/websites/sites_of_the_day/?page=57
1211,P,Miranda – Paper Portfolio,https://www.awwwards.com/sites/miranda-paper-portfolio,motion,Awwwards — Sites of the Day,https://www.awwwards.com/websites/sites_of_the_day/?page=57
1212,P,Sol’ace,https://www.awwwards.com/sites/solace-2,motion,Awwwards — Sites of the Day,https://www.awwwards.com/websites/sites_of_the_day/?page=57
1213,P,Shapefarm,https://www.awwwards.com/sites/shapefarm,motion,Awwwards — Sites of the Day,https://www.awwwards.com/websites/sites_of_the_day/?page=57
1214,P,The Sea We Breathe,https://www.awwwards.com/sites/the-sea-we-breathe,motion,Awwwards — Sites of the Day,https://www.awwwards.com/websites/sites_of_the_day/?page=57
1215,P,Citadelle Gin,https://www.awwwards.com/sites/citadelle-gin,motion,Awwwards — Sites of the Day,https://www.awwwards.com/websites/sites_of_the_day/?page=57
1216,P,Goodkids,https://www.awwwards.com/sites/goodkids-agency,motion,Awwwards — Sites of the Day,https://www.awwwards.com/websites/sites_of_the_day/?page=57
1217,P,Victoire Douy — Portfolio,https://www.awwwards.com/sites/victoire-douy-portfolio-1,motion,Awwwards — Sites of the Day,https://www.awwwards.com/websites/sites_of_the_day/?page=57
1219,P,Gucci Flora Gorgeous Gardenia,https://www.awwwards.com/sites/gucci-flora-gorgeous-gardenia,motion,Awwwards — Sites of the Day,https://www.awwwards.com/websites/sites_of_the_day/?page=58
1220,P,DFY®,https://www.awwwards.com/sites/dfy-r,motion,Awwwards — Sites of the Day,https://www.awwwards.com/websites/sites_of_the_day/?page=58
1221,P,Wayfinder,https://www.awwwards.com/sites/wayfinder,motion,Awwwards — Sites of the Day,https://www.awwwards.com/websites/sites_of_the_day/?page=58
1222,P,Liron Moran Interiors,https://www.awwwards.com/sites/liron-moran-interiors,motion,Awwwards — Sites of the Day,https://www.awwwards.com/websites/sites_of_the_day/?page=58
1223,P,Traces A Digital Time Capsule,https://www.awwwards.com/sites/traces-a-digital-time-capsule,motion,Awwwards — Sites of the Day,https://www.awwwards.com/websites/sites_of_the_day/?page=58
1224,P,Lunchbox,https://www.awwwards.com/sites/lunchbox,motion,Awwwards — Sites of the Day,https://www.awwwards.com/websites/sites_of_the_day/?page=58
1225,P,CREATIVE NIGHTS,https://www.awwwards.com/sites/creative-nights-portfolio,motion,Awwwards — Sites of the Day,https://www.awwwards.com/websites/sites_of_the_day/?page=58
1226,P,Star Atlas,https://www.awwwards.com/sites/star-atlas,motion,Awwwards — Sites of the Day,https://www.awwwards.com/websites/sites_of_the_day/?page=58
1227,P,Speedy,https://www.awwwards.com/sites/speedy,motion,Awwwards — Sites of the Day,https://www.awwwards.com/websites/sites_of_the_day/?page=58
1228,P,Sakharov.space,https://www.awwwards.com/sites/sakharov-space,motion,Awwwards — Sites of the Day,https://www.awwwards.com/websites/sites_of_the_day/?page=58
1229,P,Skolkovo Business District,https://www.awwwards.com/sites/skolkovo-business-district,motion,Awwwards — Sites of the Day,https://www.awwwards.com/websites/sites_of_the_day/?page=58
1230,P,Platoon Aviation,https://www.awwwards.com/sites/platoon-aviation,motion,Awwwards — Sites of the Day,https://www.awwwards.com/websites/sites_of_the_day/?page=58
1231,P,monopo london,https://www.awwwards.com/sites/monopo-london,motion,Awwwards — Sites of the Day,https://www.awwwards.com/websites/sites_of_the_day/?page=58
1232,P,Foam Talent 2021,https://www.awwwards.com/sites/foam-talent-2021,motion,Awwwards — Sites of the Day,https://www.awwwards.com/websites/sites_of_the_day/?page=58
1233,Q,ARE YOU OKOK?,https://www.awwwards.com/sites/are-you-okok,motion,Awwwards — Sites of the Day,https://www.awwwards.com/websites/sites_of_the_day/?page=58
1234,Q,GSoft,https://www.awwwards.com/sites/gsoft,motion,Awwwards — Sites of the Day,https://www.awwwards.com/websites/sites_of_the_day/?page=58
1235,Q,Cowboy,https://www.awwwards.com/sites/cowboy-1,motion,Awwwards — Sites of the Day,https://www.awwwards.com/websites/sites_of_the_day/?page=58
1236,Q,Gucci Burst,https://www.awwwards.com/sites/gucci-burst,motion,Awwwards — Sites of the Day,https://www.awwwards.com/websites/sites_of_the_day/?page=58
1237,Q,Ballade N°12 at Vendome,https://www.awwwards.com/sites/ballade-ndeg12-at-vendome,motion,Awwwards — Sites of the Day,https://www.awwwards.com/websites/sites_of_the_day/?page=58
1239,Q,Feldman.Studio,https://www.awwwards.com/sites/feldman-studio,motion,Awwwards — Sites of the Day,https://www.awwwards.com/websites/sites_of_the_day/?page=58
1240,Q,The Shift,https://www.awwwards.com/sites/the-shift-1,motion,Awwwards — Sites of the Day,https://www.awwwards.com/websites/sites_of_the_day/?page=58
1241,Q,Sell Anything by Squarespace,https://www.awwwards.com/sites/sell-anything-by-squarespace,motion,Awwwards — Sites of the Day,https://www.awwwards.com/websites/sites_of_the_day/?page=58
1242,Q,FCXV FABIENNE CHAPOT,https://www.awwwards.com/sites/fcxv-fabienne-chapot,motion,Awwwards — Sites of the Day,https://www.awwwards.com/websites/sites_of_the_day/?page=58
1243,Q,eumRay portfolio,https://www.awwwards.com/sites/eumray-portfolio,motion,Awwwards — Sites of the Day,https://www.awwwards.com/websites/sites_of_the_day/?page=58
1245,Q,Alicia Keys,https://www.awwwards.com/sites/alicia-keys,motion,Awwwards — Sites of the Day,https://www.awwwards.com/websites/sites_of_the_day/?page=58
1246,Q,Sal Parasuco,https://www.awwwards.com/sites/sal-parasuco,motion,Awwwards — Sites of the Day,https://www.awwwards.com/websites/sites_of_the_day/?page=58
1247,Q,hyogen,https://www.awwwards.com/sites/hyogen,motion,Awwwards — Sites of the Day,https://www.awwwards.com/websites/sites_of_the_day/?page=58
1248,Q,PerimeterWatch,https://www.awwwards.com/sites/perimeterwatch,motion,Awwwards — Sites of the Day,https://www.awwwards.com/websites/sites_of_the_day/?page=58
1249,Q,Hyer®,https://www.awwwards.com/sites/hyer-r,motion,Awwwards — Sites of the Day,https://www.awwwards.com/websites/sites_of_the_day/?page=59
1250,Q,CrowdStrike Adversary Universe,https://www.awwwards.com/sites/crowdstrike-adversary-universe,motion,Awwwards — Sites of the Day,https://www.awwwards.com/websites/sites_of_the_day/?page=59
1252,Q,Madbox,https://www.awwwards.com/sites/madbox,motion,Awwwards — Sites of the Day,https://www.awwwards.com/websites/sites_of_the_day/?page=59
1253,Q,Spinoza.co,https://www.awwwards.com/sites/spinoza-co,motion,Awwwards — Sites of the Day,https://www.awwwards.com/websites/sites_of_the_day/?page=59
1254,Q,Lemkus,https://www.awwwards.com/sites/lemkus,motion,Awwwards — Sites of the Day,https://www.awwwards.com/websites/sites_of_the_day/?page=59
1255,Q,Leroy Merlin Inspirational Mag,https://www.awwwards.com/sites/leroy-merlin-inspirational-mag,motion,Awwwards — Sites of the Day,https://www.awwwards.com/websites/sites_of_the_day/?page=59
1256,Q,DNA CAPITAL,https://www.awwwards.com/sites/dna-capital,motion,Awwwards — Sites of the Day,https://www.awwwards.com/websites/sites_of_the_day/?page=59
1257,Q,Thinkingbox,https://www.awwwards.com/sites/thinkingbox,motion,Awwwards — Sites of the Day,https://www.awwwards.com/websites/sites_of_the_day/?page=59
1258,Q,Giulia Tonon,https://www.awwwards.com/sites/giulia-tonon,motion,Awwwards — Sites of the Day,https://www.awwwards.com/websites/sites_of_the_day/?page=59
1259,Q,The Space that makes us Human,https://www.awwwards.com/sites/the-space-that-makes-us-human,motion,Awwwards — Sites of the Day,https://www.awwwards.com/websites/sites_of_the_day/?page=59
1260,Q,Langmobile,https://www.awwwards.com/sites/langmobile,motion,Awwwards — Sites of the Day,https://www.awwwards.com/websites/sites_of_the_day/?page=59
1261,Q,Vibor,https://www.awwwards.com/sites/vibor,motion,Awwwards — Sites of the Day,https://www.awwwards.com/websites/sites_of_the_day/?page=59
1262,Q,Lionel Taurus - Portfolio,https://www.awwwards.com/sites/lionel-taurus-portfolio,motion,Awwwards — Sites of the Day,https://www.awwwards.com/websites/sites_of_the_day/?page=59
1263,Q,Junges SchauSpielHaus Hamburg,https://www.awwwards.com/sites/junges-schauspielhaus-hamburg,motion,Awwwards — Sites of the Day,https://www.awwwards.com/websites/sites_of_the_day/?page=59
1264,Q,Utsubo,https://www.awwwards.com/sites/utsubo,motion,Awwwards — Sites of the Day,https://www.awwwards.com/websites/sites_of_the_day/?page=59
1265,Q,Humbleteam,https://www.awwwards.com/sites/humbleteam,motion,Awwwards — Sites of the Day,https://www.awwwards.com/websites/sites_of_the_day/?page=59
1268,Q,Hoboken Yogi,https://www.awwwards.com/sites/hoboken-yogi,motion,Awwwards — Sites of the Day,https://www.awwwards.com/websites/sites_of_the_day/?page=59
1269,Q,Wemakefab,https://www.awwwards.com/sites/wemakefab-it-company,motion,Awwwards — Sites of the Day,https://www.awwwards.com/websites/sites_of_the_day/?page=59
1270,Q,Eva Habermann,https://www.awwwards.com/sites/eva-habermann,motion,Awwwards — Sites of the Day,https://www.awwwards.com/websites/sites_of_the_day/?page=59
1271,Q,Rupert & Rothschild,https://www.awwwards.com/sites/rupert-rothschild,motion,Awwwards — Sites of the Day,https://www.awwwards.com/websites/sites_of_the_day/?page=59
1273,Q,Infrared Promo Website,https://www.awwwards.com/sites/infrared-promo-website,motion,Awwwards — Sites of the Day,https://www.awwwards.com/websites/sites_of_the_day/?page=59
1274,Q,The message to Ukraine,https://www.awwwards.com/sites/the-message-to-ukraine,motion,Awwwards — Sites of the Day,https://www.awwwards.com/websites/sites_of_the_day/?page=59
1275,Q,Meadlight — Principio,https://www.awwwards.com/sites/meadlight-principio,motion,Awwwards — Sites of the Day,https://www.awwwards.com/websites/sites_of_the_day/?page=59
1276,Q,fanfanfan. design studio,https://www.awwwards.com/sites/fanfanfan-design-studio,motion,Awwwards — Sites of the Day,https://www.awwwards.com/websites/sites_of_the_day/?page=59
1278,Q,FanZone36,https://www.awwwards.com/sites/fanzone36,motion,Awwwards — Sites of the Day,https://www.awwwards.com/websites/sites_of_the_day/?page=59
1279,Q,Black Dog,https://www.awwwards.com/sites/black-dog,motion,Awwwards — Sites of the Day,https://www.awwwards.com/websites/sites_of_the_day/?page=59
1280,Q,30th anniversary of Ukraine,https://www.awwwards.com/sites/30th-anniversary-of-ukraine,motion,Awwwards — Sites of the Day,https://www.awwwards.com/websites/sites_of_the_day/?page=60
1281,Q,Ljubicic Tennis Academy,https://www.awwwards.com/sites/ljubicic-tennis-academy,motion,Awwwards — Sites of the Day,https://www.awwwards.com/websites/sites_of_the_day/?page=60
1282,Q,Sivik©Atelier,https://www.awwwards.com/sites/sivik-c-atelier,motion,Awwwards — Sites of the Day,https://www.awwwards.com/websites/sites_of_the_day/?page=60
1283,Q,Miti Navi,https://www.awwwards.com/sites/miti-navi,motion,Awwwards — Sites of the Day,https://www.awwwards.com/websites/sites_of_the_day/?page=60
1284,Q,MSI - The Match Maker,https://www.awwwards.com/sites/msi-the-match-maker,motion,Awwwards — Sites of the Day,https://www.awwwards.com/websites/sites_of_the_day/?page=60
1285,Q,Bannister & Associates,https://www.awwwards.com/sites/bannister-associates,motion,Awwwards — Sites of the Day,https://www.awwwards.com/websites/sites_of_the_day/?page=60
1287,Q,Leonid Kostetskyi,https://www.awwwards.com/sites/leonid-kostetskyi-1,motion,Awwwards — Sites of the Day,https://www.awwwards.com/websites/sites_of_the_day/?page=60
1288,Q,TOGETHXR,https://www.awwwards.com/sites/togethxr,motion,Awwwards — Sites of the Day,https://www.awwwards.com/websites/sites_of_the_day/?page=60
1289,Q,Grids,https://www.awwwards.com/sites/grids,motion,Awwwards — Sites of the Day,https://www.awwwards.com/websites/sites_of_the_day/?page=60
1290,Q,Avantt Typeface,https://www.awwwards.com/sites/avantt-typeface,motion,Awwwards — Sites of the Day,https://www.awwwards.com/websites/sites_of_the_day/?page=60
1293,Q,Marfala Studio,https://www.awwwards.com/sites/marfala-studio,motion,Awwwards — Sites of the Day,https://www.awwwards.com/websites/sites_of_the_day/?page=60
1294,Q,Joseph Berry Masterclass,https://www.awwwards.com/sites/joseph-berry-masterclass,motion,Awwwards — Sites of the Day,https://www.awwwards.com/websites/sites_of_the_day/?page=60
1295,Q,Norda,https://www.awwwards.com/sites/norda,motion,Awwwards — Sites of the Day,https://www.awwwards.com/websites/sites_of_the_day/?page=60
1296,Q,Gucci Osteria,https://www.awwwards.com/sites/gucci-osteria,motion,Awwwards — Sites of the Day,https://www.awwwards.com/websites/sites_of_the_day/?page=60
1298,Q,Pluto,https://www.awwwards.com/sites/pluto,motion,Awwwards — Sites of the Day,https://www.awwwards.com/websites/sites_of_the_day/?page=60
1299,Q,BOT - Bottle on the table,https://www.awwwards.com/sites/bot-bottle-on-the-table,motion,Awwwards — Sites of the Day,https://www.awwwards.com/websites/sites_of_the_day/?page=60
1300,Q,Vredestein Experience Centre,https://www.awwwards.com/sites/vredestein-experience-centre,motion,Awwwards — Sites of the Day,https://www.awwwards.com/websites/sites_of_the_day/?page=60
1301,Q,No-Code Conf 2021,https://www.awwwards.com/sites/no-code-conf-2021,motion,Awwwards — Sites of the Day,https://www.awwwards.com/websites/sites_of_the_day/?page=60
1302,Q,Etienne Barbedette - Portfolio,https://www.awwwards.com/sites/etienne-barbedette-portfolio,motion,Awwwards — Sites of the Day,https://www.awwwards.com/websites/sites_of_the_day/?page=60
1303,Q,Hagisbarbershop,https://www.awwwards.com/sites/hagisbarbershop,motion,Awwwards — Sites of the Day,https://www.awwwards.com/websites/sites_of_the_day/?page=60
1305,Q,SavourDesign,https://www.awwwards.com/sites/savourdesign,motion,Awwwards — Sites of the Day,https://www.awwwards.com/websites/sites_of_the_day/?page=60
1306,Q,Amuse Bouche,https://www.awwwards.com/sites/amuse-bouche,motion,Awwwards — Sites of the Day,https://www.awwwards.com/websites/sites_of_the_day/?page=60
1308,Q,Nolook inc. [ BARZAGLI ],https://www.awwwards.com/sites/nolook-inc-barzagli,motion,Awwwards — Sites of the Day,https://www.awwwards.com/websites/sites_of_the_day/?page=60
1311,R,DPT.,https://www.awwwards.com/sites/dpt,motion,Awwwards — Sites of the Day,https://www.awwwards.com/websites/sites_of_the_day/?page=61
1312,R,2021 Virtual Webbys,https://www.awwwards.com/sites/2021-virtual-webbys,motion,Awwwards — Sites of the Day,https://www.awwwards.com/websites/sites_of_the_day/?page=61
1313,R,estudio/nk ®,https://www.awwwards.com/sites/estudio-nk-2021,motion,Awwwards — Sites of the Day,https://www.awwwards.com/websites/sites_of_the_day/?page=61
1314,R,Beyond the Fold,https://www.awwwards.com/sites/beyond-the-fold,motion,Awwwards — Sites of the Day,https://www.awwwards.com/websites/sites_of_the_day/?page=61
1315,R,Motley Crowd,https://www.awwwards.com/sites/motley-crowd,motion,Awwwards — Sites of the Day,https://www.awwwards.com/websites/sites_of_the_day/?page=61
1316,R,-99® design studio,https://www.awwwards.com/sites/99-r-design-studio,motion,Awwwards — Sites of the Day,https://www.awwwards.com/websites/sites_of_the_day/?page=61
1317,R,Bertani,https://www.awwwards.com/sites/bertani,motion,Awwwards — Sites of the Day,https://www.awwwards.com/websites/sites_of_the_day/?page=61
1318,R,Quentin Goupille - Folio 2021,https://www.awwwards.com/sites/quentin-goupille-folio-2021,motion,Awwwards — Sites of the Day,https://www.awwwards.com/websites/sites_of_the_day/?page=61
1320,R,Hulu Pride,https://www.awwwards.com/sites/hulu-pride,motion,Awwwards — Sites of the Day,https://www.awwwards.com/websites/sites_of_the_day/?page=61
1321,R,Design Scramble,https://www.awwwards.com/sites/design-scramble,motion,Awwwards — Sites of the Day,https://www.awwwards.com/websites/sites_of_the_day/?page=61
1322,R,Floema Jewelry,https://www.awwwards.com/sites/floema-jewelry,motion,Awwwards — Sites of the Day,https://www.awwwards.com/websites/sites_of_the_day/?page=61
1323,R,Wanda,https://www.awwwards.com/sites/wanda-1,motion,Awwwards — Sites of the Day,https://www.awwwards.com/websites/sites_of_the_day/?page=61
1325,R,ZOOX,https://www.awwwards.com/sites/zoox,motion,Awwwards — Sites of the Day,https://www.awwwards.com/websites/sites_of_the_day/?page=61
1326,R,Benjamin Righetti,https://www.awwwards.com/sites/benjamin-righetti,motion,Awwwards — Sites of the Day,https://www.awwwards.com/websites/sites_of_the_day/?page=61
1327,R,Seventh Movement,https://www.awwwards.com/sites/seventh-movement,motion,Awwwards — Sites of the Day,https://www.awwwards.com/websites/sites_of_the_day/?page=61
1328,R,Restore Hope Appeal,https://www.awwwards.com/sites/restore-hope-appeal,motion,Awwwards — Sites of the Day,https://www.awwwards.com/websites/sites_of_the_day/?page=61
1329,R,Pone - LISTEN AND DONATE,https://www.awwwards.com/sites/pone-listen-and-donate,motion,Awwwards — Sites of the Day,https://www.awwwards.com/websites/sites_of_the_day/?page=61
1330,R,Vita Architecture,https://www.awwwards.com/sites/vita-architecture,motion,Awwwards — Sites of the Day,https://www.awwwards.com/websites/sites_of_the_day/?page=61
1331,R,Mama Joyce Peppa Sauce,https://www.awwwards.com/sites/mama-joyce-peppa-sauce,motion,Awwwards — Sites of the Day,https://www.awwwards.com/websites/sites_of_the_day/?page=61
1332,R,Bugatti Smartwatches,https://www.awwwards.com/sites/bugatti-smartwatches,motion,Awwwards — Sites of the Day,https://www.awwwards.com/websites/sites_of_the_day/?page=61
1333,R,Go Love Yourself!,https://www.awwwards.com/sites/go-love-yourself,motion,Awwwards — Sites of the Day,https://www.awwwards.com/websites/sites_of_the_day/?page=61
1334,R,Anti,https://www.awwwards.com/sites/anti,motion,Awwwards — Sites of the Day,https://www.awwwards.com/websites/sites_of_the_day/?page=61
1335,R,The gold leaf,https://www.awwwards.com/sites/the-gold-leaf,motion,Awwwards — Sites of the Day,https://www.awwwards.com/websites/sites_of_the_day/?page=61
1336,R,Dillinger,https://www.awwwards.com/sites/dillinger,motion,Awwwards — Sites of the Day,https://www.awwwards.com/websites/sites_of_the_day/?page=61
1337,R,The State of Independence,https://www.awwwards.com/sites/the-state-of-independence,motion,Awwwards — Sites of the Day,https://www.awwwards.com/websites/sites_of_the_day/?page=61
1338,R,AirPods Max,https://www.awwwards.com/sites/airpods-max,motion,Awwwards — Sites of the Day,https://www.awwwards.com/websites/sites_of_the_day/?page=61
1339,R,Sandland,https://www.awwwards.com/sites/sandland,motion,Awwwards — Sites of the Day,https://www.awwwards.com/websites/sites_of_the_day/?page=61
1340,R,Crazy About Eggs,https://www.awwwards.com/sites/crazy-about-eggs,motion,Awwwards — Sites of the Day,https://www.awwwards.com/websites/sites_of_the_day/?page=61
1341,R,Priestess,https://www.awwwards.com/sites/priestess,motion,Awwwards — Sites of the Day,https://www.awwwards.com/websites/sites_of_the_day/?page=61
1342,R,Lucid Motors,https://www.awwwards.com/sites/lucid-motors,motion,Awwwards — Sites of the Day,https://www.awwwards.com/websites/sites_of_the_day/?page=62
1343,R,The Harmonic State,https://www.awwwards.com/sites/the-harmonic-state,motion,Awwwards — Sites of the Day,https://www.awwwards.com/websites/sites_of_the_day/?page=62
1344,R,Cristóbal Balenciaga Museum,https://www.awwwards.com/sites/cristobal-balenciaga-museum,motion,Awwwards — Sites of the Day,https://www.awwwards.com/websites/sites_of_the_day/?page=62
1345,R,Zero Impact,https://www.awwwards.com/sites/zero-impact,motion,Awwwards — Sites of the Day,https://www.awwwards.com/websites/sites_of_the_day/?page=62
1346,R,Isabel Moranta,https://www.awwwards.com/sites/isabel-moranta,motion,Awwwards — Sites of the Day,https://www.awwwards.com/websites/sites_of_the_day/?page=62
1347,R,VENUS,https://www.awwwards.com/sites/venus,motion,Awwwards — Sites of the Day,https://www.awwwards.com/websites/sites_of_the_day/?page=62
1348,R,Third by Kenjiro,https://www.awwwards.com/sites/third-by-kenjiro,motion,Awwwards — Sites of the Day,https://www.awwwards.com/websites/sites_of_the_day/?page=62
1349,R,Gabriel Cuallado,https://www.awwwards.com/sites/gabriel-cuallado,motion,Awwwards — Sites of the Day,https://www.awwwards.com/websites/sites_of_the_day/?page=62
1350,R,We Are Digital Freelancers,https://www.awwwards.com/sites/we-are-digital-freelancers,motion,Awwwards — Sites of the Day,https://www.awwwards.com/websites/sites_of_the_day/?page=62
1351,R,"Fan Study, Spotify for Artists",https://www.awwwards.com/sites/fan-study-spotify-for-artists,motion,Awwwards — Sites of the Day,https://www.awwwards.com/websites/sites_of_the_day/?page=62
1353,R,Moooi - Beauty Blooms,https://www.awwwards.com/sites/moooi-beauty-blooms,motion,Awwwards — Sites of the Day,https://www.awwwards.com/websites/sites_of_the_day/?page=62
1354,R,Afterglo,https://www.awwwards.com/sites/afterglo,motion,Awwwards — Sites of the Day,https://www.awwwards.com/websites/sites_of_the_day/?page=62
1356,R,Eidos Shanghai,https://www.awwwards.com/sites/eidos-shanghai,motion,Awwwards — Sites of the Day,https://www.awwwards.com/websites/sites_of_the_day/?page=62
1357,R,Lamborghini Huracan STO,https://www.awwwards.com/sites/lamborghini-huracan-sto,motion,Awwwards — Sites of the Day,https://www.awwwards.com/websites/sites_of_the_day/?page=62
1358,R,Aristide – Portfolio 2021,https://www.awwwards.com/sites/aristide-portfolio-2021,motion,Awwwards — Sites of the Day,https://www.awwwards.com/websites/sites_of_the_day/?page=62
1359,R,We Bulletproof Brands,https://www.awwwards.com/sites/we-are-bulletproof,motion,Awwwards — Sites of the Day,https://www.awwwards.com/websites/sites_of_the_day/?page=62
1360,R,Niarra Travel,https://www.awwwards.com/sites/niarra-travel,motion,Awwwards — Sites of the Day,https://www.awwwards.com/websites/sites_of_the_day/?page=62
1361,R,K72,https://www.awwwards.com/sites/k72,motion,Awwwards — Sites of the Day,https://www.awwwards.com/websites/sites_of_the_day/?page=62
1362,R,Craie Craie,https://www.awwwards.com/sites/craie-craie,motion,Awwwards — Sites of the Day,https://www.awwwards.com/websites/sites_of_the_day/?page=62
1363,R,Wisr,https://www.awwwards.com/sites/wisr,motion,Awwwards — Sites of the Day,https://www.awwwards.com/websites/sites_of_the_day/?page=62
1364,R,The Endless Letter,https://www.awwwards.com/sites/the-endless-letter,motion,Awwwards — Sites of the Day,https://www.awwwards.com/websites/sites_of_the_day/?page=62
1366,R,The MythBuster Challenge,https://www.awwwards.com/sites/the-mythbuster-challenge,motion,Awwwards — Sites of the Day,https://www.awwwards.com/websites/sites_of_the_day/?page=62
1368,R,The Field,https://www.awwwards.com/sites/the-field,motion,Awwwards — Sites of the Day,https://www.awwwards.com/websites/sites_of_the_day/?page=62
1369,R,theLAB Berkeley,https://www.awwwards.com/sites/thelab-berkeley,motion,Awwwards — Sites of the Day,https://www.awwwards.com/websites/sites_of_the_day/?page=62
1370,R,Jameen Tarlier,https://www.awwwards.com/sites/jameen-tarlier,motion,Awwwards — Sites of the Day,https://www.awwwards.com/websites/sites_of_the_day/?page=62
1372,R,Kazuki Noda Portfolio,https://www.awwwards.com/sites/kazuki-noda-portfolio,motion,Awwwards — Sites of the Day,https://www.awwwards.com/websites/sites_of_the_day/?page=62
1373,R,Colors combinations,https://www.awwwards.com/sites/colors-combinations,motion,Awwwards — Sites of the Day,https://www.awwwards.com/websites/sites_of_the_day/?page=63
1374,R,UIWD,https://www.awwwards.com/sites/uiwd,motion,Awwwards — Sites of the Day,https://www.awwwards.com/websites/sites_of_the_day/?page=63
1375,R,SuperFan Studio,https://www.awwwards.com/sites/superfan-studio,motion,Awwwards — Sites of the Day,https://www.awwwards.com/websites/sites_of_the_day/?page=63
1376,R,Cyberphotos,https://www.awwwards.com/sites/cyberphotos,motion,Awwwards — Sites of the Day,https://www.awwwards.com/websites/sites_of_the_day/?page=63
1377,R,Total Property Network,https://www.awwwards.com/sites/total-property-network,motion,Awwwards — Sites of the Day,https://www.awwwards.com/websites/sites_of_the_day/?page=63
1379,R,Steven Taylor,https://www.awwwards.com/sites/steven-taylor,motion,Awwwards — Sites of the Day,https://www.awwwards.com/websites/sites_of_the_day/?page=63
1380,R,Fern,https://www.awwwards.com/sites/fern,motion,Awwwards — Sites of the Day,https://www.awwwards.com/websites/sites_of_the_day/?page=63
1381,R,Zorba,https://www.awwwards.com/sites/zorba,motion,Awwwards — Sites of the Day,https://www.awwwards.com/websites/sites_of_the_day/?page=63
1382,R,InteriorLab,https://www.awwwards.com/sites/interiorlab,motion,Awwwards — Sites of the Day,https://www.awwwards.com/websites/sites_of_the_day/?page=63
1383,R,one up studio corporate site,https://www.awwwards.com/sites/one-up-studio-corporate-site,motion,Awwwards — Sites of the Day,https://www.awwwards.com/websites/sites_of_the_day/?page=63
1384,R,Emmit Fenn - Far From Here,https://www.awwwards.com/sites/emmit-fenn-far-from-here,motion,Awwwards — Sites of the Day,https://www.awwwards.com/websites/sites_of_the_day/?page=63
1385,R,Paul & Henriette,https://www.awwwards.com/sites/paul-henriette,motion,Awwwards — Sites of the Day,https://www.awwwards.com/websites/sites_of_the_day/?page=63
1386,R,JW.S (2021),https://www.awwwards.com/sites/jw-s-2021,motion,Awwwards — Sites of the Day,https://www.awwwards.com/websites/sites_of_the_day/?page=63
1387,S,212 Heroes: Forever Young,https://www.awwwards.com/sites/212-heroes-forever-young,motion,Awwwards — Sites of the Day,https://www.awwwards.com/websites/sites_of_the_day/?page=63
1388,S,Charlotte Beaude,https://www.awwwards.com/sites/charlotte-beaude,motion,Awwwards — Sites of the Day,https://www.awwwards.com/websites/sites_of_the_day/?page=63
1389,S,Rogue Store,https://www.awwwards.com/sites/rogue-store,motion,Awwwards — Sites of the Day,https://www.awwwards.com/websites/sites_of_the_day/?page=63
1390,S,Best Things for Everything,https://www.awwwards.com/sites/best-things-for-everything,motion,Awwwards — Sites of the Day,https://www.awwwards.com/websites/sites_of_the_day/?page=63
1391,S,The Ocean Agency,https://www.awwwards.com/sites/the-ocean-agency,motion,Awwwards — Sites of the Day,https://www.awwwards.com/websites/sites_of_the_day/?page=63
1393,S,Museum of Annoying Experiences,https://www.awwwards.com/sites/museum-of-annoying-experiences,motion,Awwwards — Sites of the Day,https://www.awwwards.com/websites/sites_of_the_day/?page=63
1394,S,Nasdaq 50th anniversary,https://www.awwwards.com/sites/nasdaq-50th-anniversary,motion,Awwwards — Sites of the Day,https://www.awwwards.com/websites/sites_of_the_day/?page=63
1395,S,Fingerspelling.xyz,https://www.awwwards.com/sites/fingerspelling-xyz,motion,Awwwards — Sites of the Day,https://www.awwwards.com/websites/sites_of_the_day/?page=63
1396,S,sabato,https://www.awwwards.com/sites/sabato,motion,Awwwards — Sites of the Day,https://www.awwwards.com/websites/sites_of_the_day/?page=63
1397,S,Noodz → Nothing to hide,https://www.awwwards.com/sites/noodz-nothing-to-hide,motion,Awwwards — Sites of the Day,https://www.awwwards.com/websites/sites_of_the_day/?page=63
1398,S,Weleda - The Open Garden,https://www.awwwards.com/sites/weleda-the-open-garden,motion,Awwwards — Sites of the Day,https://www.awwwards.com/websites/sites_of_the_day/?page=63
1399,S,Ōmbia Studio,https://www.awwwards.com/sites/ombia-studio,motion,Awwwards — Sites of the Day,https://www.awwwards.com/websites/sites_of_the_day/?page=63
1400,S,The Armenian Genocide,https://www.awwwards.com/sites/the-armenian-genocide,motion,Awwwards — Sites of the Day,https://www.awwwards.com/websites/sites_of_the_day/?page=63
1402,S,The Metropolitan Enigma,https://www.awwwards.com/sites/the-metropolitan-enigma,motion,Awwwards — Sites of the Day,https://www.awwwards.com/websites/sites_of_the_day/?page=63
1403,S,Life in Vogue,https://www.awwwards.com/sites/life-in-vogue,motion,Awwwards — Sites of the Day,https://www.awwwards.com/websites/sites_of_the_day/?page=63
1404,S,Tecate Pa'l Norte Virtual 2021,https://www.awwwards.com/sites/tecate-pal-norte-virtual-2021,motion,Awwwards — Sites of the Day,https://www.awwwards.com/websites/sites_of_the_day/?page=64
1405,S,Plus,https://www.awwwards.com/sites/plus,motion,Awwwards — Sites of the Day,https://www.awwwards.com/websites/sites_of_the_day/?page=64
1406,S,Finely Crafted,https://www.awwwards.com/sites/finely-crafted,motion,Awwwards — Sites of the Day,https://www.awwwards.com/websites/sites_of_the_day/?page=64
1407,S,Yamauchi No.10 Family Office,https://www.awwwards.com/sites/yamauchi-no-10-family-office,motion,Awwwards — Sites of the Day,https://www.awwwards.com/websites/sites_of_the_day/?page=64
1408,S,The Covid Art Museum,https://www.awwwards.com/sites/the-covid-art-museum,motion,Awwwards — Sites of the Day,https://www.awwwards.com/websites/sites_of_the_day/?page=64
1409,S,Prometheus Fuels,https://www.awwwards.com/sites/prometheus-fuels,motion,Awwwards — Sites of the Day,https://www.awwwards.com/websites/sites_of_the_day/?page=64
1410,S,Kategora,https://www.awwwards.com/sites/kategora,motion,Awwwards — Sites of the Day,https://www.awwwards.com/websites/sites_of_the_day/?page=64
1411,S,Mafanfa,https://www.awwwards.com/sites/mafanfa,motion,Awwwards — Sites of the Day,https://www.awwwards.com/websites/sites_of_the_day/?page=64
1412,S,The laughing cow® 100 years,https://www.awwwards.com/sites/the-laughing-cow-r-100-years,motion,Awwwards — Sites of the Day,https://www.awwwards.com/websites/sites_of_the_day/?page=64
1413,S,Bennett Tea,https://www.awwwards.com/sites/bennett-tea,motion,Awwwards — Sites of the Day,https://www.awwwards.com/websites/sites_of_the_day/?page=64
1414,S,Penderecki's Garden,https://www.awwwards.com/sites/pendereckis-garden,motion,Awwwards — Sites of the Day,https://www.awwwards.com/websites/sites_of_the_day/?page=64
1415,S,CRE8TIVE Agency,https://www.awwwards.com/sites/cre8tive-agency,motion,Awwwards — Sites of the Day,https://www.awwwards.com/websites/sites_of_the_day/?page=64
1416,S,Awd Agency,https://www.awwwards.com/sites/awd-agency-1,motion,Awwwards — Sites of the Day,https://www.awwwards.com/websites/sites_of_the_day/?page=64
1417,S,Lens by Science,https://www.awwwards.com/sites/lens-by-science,motion,Awwwards — Sites of the Day,https://www.awwwards.com/websites/sites_of_the_day/?page=64
1419,S,The Russian Pantheon,https://www.awwwards.com/sites/the-russian-pantheon,motion,Awwwards — Sites of the Day,https://www.awwwards.com/websites/sites_of_the_day/?page=64
1420,S,Martin Laxenaire '21 Portfolio,https://www.awwwards.com/sites/martin-laxenaire-21-portfolio,motion,Awwwards — Sites of the Day,https://www.awwwards.com/websites/sites_of_the_day/?page=64
1421,S,For the Love of Bread,https://www.awwwards.com/sites/for-the-love-of-bread,motion,Awwwards — Sites of the Day,https://www.awwwards.com/websites/sites_of_the_day/?page=64
1422,S,Norman Dubois – Portfolio,https://www.awwwards.com/sites/norman-dubois-portfolio,motion,Awwwards — Sites of the Day,https://www.awwwards.com/websites/sites_of_the_day/?page=64
1423,S,Studio Sentempo,https://www.awwwards.com/sites/studio-sentempo,motion,Awwwards — Sites of the Day,https://www.awwwards.com/websites/sites_of_the_day/?page=64
1424,S,Superlist,https://www.awwwards.com/sites/superlist,motion,Awwwards — Sites of the Day,https://www.awwwards.com/websites/sites_of_the_day/?page=64
1425,S,Happy Face,https://www.awwwards.com/sites/happy-face,motion,Awwwards — Sites of the Day,https://www.awwwards.com/websites/sites_of_the_day/?page=64
1426,S,Visages du Rhône,https://www.awwwards.com/sites/visages-du-rhone,motion,Awwwards — Sites of the Day,https://www.awwwards.com/websites/sites_of_the_day/?page=64
1427,S,SSSolitaire,https://www.awwwards.com/sites/sssolitaire,motion,Awwwards — Sites of the Day,https://www.awwwards.com/websites/sites_of_the_day/?page=64
1428,S,Matthew Fisher,https://www.awwwards.com/sites/matthew-fisher,motion,Awwwards — Sites of the Day,https://www.awwwards.com/websites/sites_of_the_day/?page=64
1429,S,ZORKA AGENCY,https://www.awwwards.com/sites/zorka-agency,motion,Awwwards — Sites of the Day,https://www.awwwards.com/websites/sites_of_the_day/?page=64
1431,S,Netrix,https://www.awwwards.com/sites/netrix-1,motion,Awwwards — Sites of the Day,https://www.awwwards.com/websites/sites_of_the_day/?page=64
1432,S,Blumenkopf,https://www.awwwards.com/sites/blumenkopf,motion,Awwwards — Sites of the Day,https://www.awwwards.com/websites/sites_of_the_day/?page=64
1433,S,Rhythm of Nature,https://www.awwwards.com/sites/rhythm-of-nature,motion,Awwwards — Sites of the Day,https://www.awwwards.com/websites/sites_of_the_day/?page=64
1434,S,Flipaclip,https://www.awwwards.com/sites/flipaclip,motion,Awwwards — Sites of the Day,https://www.awwwards.com/websites/sites_of_the_day/?page=64
1435,S,Le chef d'orchestre du corps,https://www.awwwards.com/sites/le-chef-dorchestre-du-corps,motion,Awwwards — Sites of the Day,https://www.awwwards.com/websites/sites_of_the_day/?page=65
1436,S,POLA 2029 VISION,https://www.awwwards.com/sites/pola-2029-vision,motion,Awwwards — Sites of the Day,https://www.awwwards.com/websites/sites_of_the_day/?page=65
1437,S,Garoa Skincare,https://www.awwwards.com/sites/garoa-skincare,motion,Awwwards — Sites of the Day,https://www.awwwards.com/websites/sites_of_the_day/?page=65
1438,S,Wax Poetics,https://www.awwwards.com/sites/wax-poetics,motion,Awwwards — Sites of the Day,https://www.awwwards.com/websites/sites_of_the_day/?page=65
1439,S,VINTAGERIA,https://www.awwwards.com/sites/vintageria,motion,Awwwards — Sites of the Day,https://www.awwwards.com/websites/sites_of_the_day/?page=65
1440,S,Local Guides,https://www.awwwards.com/sites/local-guides,motion,Awwwards — Sites of the Day,https://www.awwwards.com/websites/sites_of_the_day/?page=65
1441,S,Jonathan Alpmyr,https://www.awwwards.com/sites/jonathan-alpmyr,motion,Awwwards — Sites of the Day,https://www.awwwards.com/websites/sites_of_the_day/?page=65
1443,S,The Hiring Chain,https://www.awwwards.com/sites/the-hiring-chain,motion,Awwwards — Sites of the Day,https://www.awwwards.com/websites/sites_of_the_day/?page=65
1444,S,Bridge Tour,https://www.awwwards.com/sites/bridge-tour,motion,Awwwards — Sites of the Day,https://www.awwwards.com/websites/sites_of_the_day/?page=65
1445,S,Mank the Unmaking,https://www.awwwards.com/sites/mank-the-unmaking,motion,Awwwards — Sites of the Day,https://www.awwwards.com/websites/sites_of_the_day/?page=65
1446,S,Gabriel Norman - Portfolio,https://www.awwwards.com/sites/gabriel-norman-portfolio,motion,Awwwards — Sites of the Day,https://www.awwwards.com/websites/sites_of_the_day/?page=65
1447,S,MABA,https://www.awwwards.com/sites/maba,motion,Awwwards — Sites of the Day,https://www.awwwards.com/websites/sites_of_the_day/?page=65
1448,S,Hanai World,https://www.awwwards.com/sites/hanai-world,motion,Awwwards — Sites of the Day,https://www.awwwards.com/websites/sites_of_the_day/?page=65
1449,S,Art of Swissdent,https://www.awwwards.com/sites/art-of-swissdent,motion,Awwwards — Sites of the Day,https://www.awwwards.com/websites/sites_of_the_day/?page=65
1450,S,Bruno,https://www.awwwards.com/sites/bruno,motion,Awwwards — Sites of the Day,https://www.awwwards.com/websites/sites_of_the_day/?page=65
1451,S,Into the Storm,https://www.awwwards.com/sites/into-the-storm,motion,Awwwards — Sites of the Day,https://www.awwwards.com/websites/sites_of_the_day/?page=65
1452,S,MAD,https://www.awwwards.com/sites/mad-1,motion,Awwwards — Sites of the Day,https://www.awwwards.com/websites/sites_of_the_day/?page=65
1453,S,Anywell Facial Bar,https://www.awwwards.com/sites/anywell-facial-bar,motion,Awwwards — Sites of the Day,https://www.awwwards.com/websites/sites_of_the_day/?page=65
1455,S,Léonard Agency,https://www.awwwards.com/sites/leonard-agency,motion,Awwwards — Sites of the Day,https://www.awwwards.com/websites/sites_of_the_day/?page=65
1456,S,Lewa House,https://www.awwwards.com/sites/lewa-house,motion,Awwwards — Sites of the Day,https://www.awwwards.com/websites/sites_of_the_day/?page=65
1457,S,Stykka,https://www.awwwards.com/sites/stykka,motion,Awwwards — Sites of the Day,https://www.awwwards.com/websites/sites_of_the_day/?page=65
1459,S,Rider404,https://www.awwwards.com/sites/rider404,motion,Awwwards — Sites of the Day,https://www.awwwards.com/websites/sites_of_the_day/?page=65
1460,S,Studio Malvah,https://www.awwwards.com/sites/studio-malvah,motion,Awwwards — Sites of the Day,https://www.awwwards.com/websites/sites_of_the_day/?page=65
1461,S,Marseille by La Phase 5,https://www.awwwards.com/sites/marseille-by-la-phase-5,motion,Awwwards — Sites of the Day,https://www.awwwards.com/websites/sites_of_the_day/?page=65
1462,S,E.C.H.O.,https://www.awwwards.com/sites/e-c-h-o,motion,Awwwards — Sites of the Day,https://www.awwwards.com/websites/sites_of_the_day/?page=65
1463,S,Tangan,https://www.awwwards.com/sites/tangan,motion,Awwwards — Sites of the Day,https://www.awwwards.com/websites/sites_of_the_day/?page=65
1464,T,Blob Mixer,https://www.awwwards.com/sites/blob-mixer,motion,Awwwards — Sites of the Day,https://www.awwwards.com/websites/sites_of_the_day/?page=65
1465,T,Bonjour Paris,https://www.awwwards.com/sites/bonjour-paris,motion,Awwwards — Sites of the Day,https://www.awwwards.com/websites/sites_of_the_day/?page=65
1466,T,Design Embraced,https://www.awwwards.com/sites/design-embraced-3,motion,Awwwards — Sites of the Day,https://www.awwwards.com/websites/sites_of_the_day/?page=66
1467,T,Le Voyage Azarien,https://www.awwwards.com/sites/le-voyage-azarien,motion,Awwwards — Sites of the Day,https://www.awwwards.com/websites/sites_of_the_day/?page=66
1468,T,WLDLGHT,https://www.awwwards.com/sites/wldlght,motion,Awwwards — Sites of the Day,https://www.awwwards.com/websites/sites_of_the_day/?page=66
1469,T,J Dilla's Donuts: 15y tribute,https://www.awwwards.com/sites/j-dillas-donuts-15y-tribute,motion,Awwwards — Sites of the Day,https://www.awwwards.com/websites/sites_of_the_day/?page=66
1471,T,TAKEARIDEWITH.ME,https://www.awwwards.com/sites/takearidewith-me,motion,Awwwards — Sites of the Day,https://www.awwwards.com/websites/sites_of_the_day/?page=66
1473,T,Easol,https://www.awwwards.com/sites/easol,motion,Awwwards — Sites of the Day,https://www.awwwards.com/websites/sites_of_the_day/?page=66
1475,T,Universal Favourite,https://www.awwwards.com/sites/universal-favourite,motion,Awwwards — Sites of the Day,https://www.awwwards.com/websites/sites_of_the_day/?page=66
1477,T,Kenta Toshikura - Portfolio,https://www.awwwards.com/sites/kenta-toshikura-portfolio,motion,Awwwards — Sites of the Day,https://www.awwwards.com/websites/sites_of_the_day/?page=66
1478,T,Schweppes Canada,https://www.awwwards.com/sites/schweppes-canada,motion,Awwwards — Sites of the Day,https://www.awwwards.com/websites/sites_of_the_day/?page=66
1479,T,Antara Studio,https://www.awwwards.com/sites/antara-studio,motion,Awwwards — Sites of the Day,https://www.awwwards.com/websites/sites_of_the_day/?page=66
1481,T,VERHOLY,https://www.awwwards.com/sites/verholy,motion,Awwwards — Sites of the Day,https://www.awwwards.com/websites/sites_of_the_day/?page=66
1482,T,Kacper Chlebowicz 2021,https://www.awwwards.com/sites/kacper-chlebowicz-2021,motion,Awwwards — Sites of the Day,https://www.awwwards.com/websites/sites_of_the_day/?page=66
1483,T,sa.design,https://www.awwwards.com/sites/sa-design,motion,Awwwards — Sites of the Day,https://www.awwwards.com/websites/sites_of_the_day/?page=66
1484,T,RedLight,https://www.awwwards.com/sites/redlight,motion,Awwwards — Sites of the Day,https://www.awwwards.com/websites/sites_of_the_day/?page=66
1485,T,Wild Souls,https://www.awwwards.com/sites/wild-souls,motion,Awwwards — Sites of the Day,https://www.awwwards.com/websites/sites_of_the_day/?page=66
1486,T,Adrien Laurent - Portfolio,https://www.awwwards.com/sites/adrien-laurent-portfolio-1,motion,Awwwards — Sites of the Day,https://www.awwwards.com/websites/sites_of_the_day/?page=66
1487,T,Nourish Change,https://www.awwwards.com/sites/nourish-change,motion,Awwwards — Sites of the Day,https://www.awwwards.com/websites/sites_of_the_day/?page=66
1489,T,Kffein,https://www.awwwards.com/sites/kffein,motion,Awwwards — Sites of the Day,https://www.awwwards.com/websites/sites_of_the_day/?page=66
1490,T,Myriad,https://www.awwwards.com/sites/myriad,motion,Awwwards — Sites of the Day,https://www.awwwards.com/websites/sites_of_the_day/?page=66
1491,T,GOOD Meat,https://www.awwwards.com/sites/good-meat,motion,Awwwards — Sites of the Day,https://www.awwwards.com/websites/sites_of_the_day/?page=66
1492,T,Patrappa the trapper,https://www.awwwards.com/sites/patrappa-the-trapper,motion,Awwwards — Sites of the Day,https://www.awwwards.com/websites/sites_of_the_day/?page=66
1493,T,World After Covid,https://www.awwwards.com/sites/world-after-covid,motion,Awwwards — Sites of the Day,https://www.awwwards.com/websites/sites_of_the_day/?page=66
1494,T,Aurélia Durand,https://www.awwwards.com/sites/aurelia-durand,motion,Awwwards — Sites of the Day,https://www.awwwards.com/websites/sites_of_the_day/?page=66
1495,T,Karst Stone Paper,https://www.awwwards.com/sites/karst-stone-paper,motion,Awwwards — Sites of the Day,https://www.awwwards.com/websites/sites_of_the_day/?page=66
1496,T,Decoded Advertising,https://www.awwwards.com/sites/decoded-advertising,motion,Awwwards — Sites of the Day,https://www.awwwards.com/websites/sites_of_the_day/?page=66
1497,T,PhotoVogue Festival,https://www.awwwards.com/sites/photovogue-festival,motion,Awwwards — Sites of the Day,https://www.awwwards.com/websites/sites_of_the_day/?page=67
1498,T,Nanna Lagerman Folio,https://www.awwwards.com/sites/nanna-lagerman-folio,motion,Awwwards — Sites of the Day,https://www.awwwards.com/websites/sites_of_the_day/?page=67
1499,T,Levon Aronian,https://www.awwwards.com/sites/levon-aronian,motion,Awwwards — Sites of the Day,https://www.awwwards.com/websites/sites_of_the_day/?page=67
1501,T,Umami Land,https://www.awwwards.com/sites/umami-land,motion,Awwwards — Sites of the Day,https://www.awwwards.com/websites/sites_of_the_day/?page=67
1502,T,Marx Design Ltd,https://www.awwwards.com/sites/marx-design-ltd,motion,Awwwards — Sites of the Day,https://www.awwwards.com/websites/sites_of_the_day/?page=67
1503,T,NAOZ - The Digital Venue,https://www.awwwards.com/sites/naoz-the-digital-venue-1,motion,Awwwards — Sites of the Day,https://www.awwwards.com/websites/sites_of_the_day/?page=67
1504,T,NexBank,https://www.awwwards.com/sites/nexbank,motion,Awwwards — Sites of the Day,https://www.awwwards.com/websites/sites_of_the_day/?page=67
1505,T,Aēsop - Aromatique Candles,https://www.awwwards.com/sites/aesop-aromatique-candles,motion,Awwwards — Sites of the Day,https://www.awwwards.com/websites/sites_of_the_day/?page=67
1506,T,AirShifumi,https://www.awwwards.com/sites/airshifumi,motion,Awwwards — Sites of the Day,https://www.awwwards.com/websites/sites_of_the_day/?page=67
1507,T,Black Madre,https://www.awwwards.com/sites/black-madre,motion,Awwwards — Sites of the Day,https://www.awwwards.com/websites/sites_of_the_day/?page=67
1508,T,A (CHAOTIC) Year in Review,https://www.awwwards.com/sites/a-chaotic-year-in-review,motion,Awwwards — Sites of the Day,https://www.awwwards.com/websites/sites_of_the_day/?page=67
1509,T,Analytica Alimentaria,https://www.awwwards.com/sites/analytica-alimentaria,motion,Awwwards — Sites of the Day,https://www.awwwards.com/websites/sites_of_the_day/?page=67
1510,T,Sonia Presne,https://www.awwwards.com/sites/sonia-presne,motion,Awwwards — Sites of the Day,https://www.awwwards.com/websites/sites_of_the_day/?page=67
1511,T,GIB20,https://www.awwwards.com/sites/gib20,motion,Awwwards — Sites of the Day,https://www.awwwards.com/websites/sites_of_the_day/?page=67
1512,T,Gucci Gift Giving,https://www.awwwards.com/sites/gucci-gift-giving,motion,Awwwards — Sites of the Day,https://www.awwwards.com/websites/sites_of_the_day/?page=67
1513,T,LIONS GOOD NEWS2020,https://www.awwwards.com/sites/lions-good-news2020,motion,Awwwards — Sites of the Day,https://www.awwwards.com/websites/sites_of_the_day/?page=67
1514,T,Impermanence,https://www.awwwards.com/sites/impermanence,motion,Awwwards — Sites of the Day,https://www.awwwards.com/websites/sites_of_the_day/?page=67
1515,T,HTTTWKAR,https://www.awwwards.com/sites/htttwkar,motion,Awwwards — Sites of the Day,https://www.awwwards.com/websites/sites_of_the_day/?page=67
1516,T,Estée Lauder - The ANRcade,https://www.awwwards.com/sites/estee-lauder-the-anrcade,motion,Awwwards — Sites of the Day,https://www.awwwards.com/websites/sites_of_the_day/?page=67
1519,T,International Days,https://www.awwwards.com/sites/international-days,motion,Awwwards — Sites of the Day,https://www.awwwards.com/websites/sites_of_the_day/?page=67
1521,T,10 misconceptions on UX,https://www.awwwards.com/sites/10-misconceptions-on-ux,motion,Awwwards — Sites of the Day,https://www.awwwards.com/websites/sites_of_the_day/?page=67
1522,T,Angel of Darkness,https://www.awwwards.com/sites/angel-of-darkness,motion,Awwwards — Sites of the Day,https://www.awwwards.com/websites/sites_of_the_day/?page=67
1523,T,Expodcast -  Versailles,https://www.awwwards.com/sites/expodcast-versailles,motion,Awwwards — Sites of the Day,https://www.awwwards.com/websites/sites_of_the_day/?page=67
1524,T,"Hi, Skin",https://www.awwwards.com/sites/hi-skin,motion,Awwwards — Sites of the Day,https://www.awwwards.com/websites/sites_of_the_day/?page=67
1526,T,Chungi Folio,https://www.awwwards.com/sites/chungi-folio,motion,Awwwards — Sites of the Day,https://www.awwwards.com/websites/sites_of_the_day/?page=67
1527,T,AD+D CULTURE,https://www.awwwards.com/sites/ad-d-culture,motion,Awwwards — Sites of the Day,https://www.awwwards.com/websites/sites_of_the_day/?page=67
1528,T,Sea Shepherd - No fishing net,https://www.awwwards.com/sites/sea-shepherd-no-fishing-net,motion,Awwwards — Sites of the Day,https://www.awwwards.com/websites/sites_of_the_day/?page=68
1529,T,Designed by Women,https://www.awwwards.com/sites/designed-by-women,motion,Awwwards — Sites of the Day,https://www.awwwards.com/websites/sites_of_the_day/?page=68
1530,T,Goodfight,https://www.awwwards.com/sites/goodfight-shop,motion,Awwwards — Sites of the Day,https://www.awwwards.com/websites/sites_of_the_day/?page=68
1531,T,Proto Homes,https://www.awwwards.com/sites/proto-homes,motion,Awwwards — Sites of the Day,https://www.awwwards.com/websites/sites_of_the_day/?page=68
1532,T,Luckyfolks,https://www.awwwards.com/sites/luckyfolks,motion,Awwwards — Sites of the Day,https://www.awwwards.com/websites/sites_of_the_day/?page=68
1534,T,EarCOUTURE,https://www.awwwards.com/sites/earcouture,motion,Awwwards — Sites of the Day,https://www.awwwards.com/websites/sites_of_the_day/?page=68
1535,T,Philippe Neveu - Portfolio,https://www.awwwards.com/sites/philippe-neveu-portfolio-1,motion,Awwwards — Sites of the Day,https://www.awwwards.com/websites/sites_of_the_day/?page=68
1536,T,Typography Principles,https://www.awwwards.com/sites/typography-principles,motion,Awwwards — Sites of the Day,https://www.awwwards.com/websites/sites_of_the_day/?page=68
1537,T,Impero,https://www.awwwards.com/sites/impero,motion,Awwwards — Sites of the Day,https://www.awwwards.com/websites/sites_of_the_day/?page=68
1538,T,The Biggest Change,https://www.awwwards.com/sites/the-biggest-change,motion,Awwwards — Sites of the Day,https://www.awwwards.com/websites/sites_of_the_day/?page=68
1540,T,XMAS MILL3,https://www.awwwards.com/sites/xmas-mill3,motion,Awwwards — Sites of the Day,https://www.awwwards.com/websites/sites_of_the_day/?page=68
1541,U,Frontier Development Lab,https://www.awwwards.com/sites/frontier-development-lab,motion,Awwwards — Sites of the Day,https://www.awwwards.com/websites/sites_of_the_day/?page=68
1542,U,Squarespace Browser History,https://www.awwwards.com/sites/squarespace-browser-history,motion,Awwwards — Sites of the Day,https://www.awwwards.com/websites/sites_of_the_day/?page=68
1543,U,Innotech,https://www.awwwards.com/sites/innotech,motion,Awwwards — Sites of the Day,https://www.awwwards.com/websites/sites_of_the_day/?page=68
1544,U,Five years of -99,https://www.awwwards.com/sites/five-years-of-99,motion,Awwwards — Sites of the Day,https://www.awwwards.com/websites/sites_of_the_day/?page=68
1545,U,Sofia Papadopoulou,https://www.awwwards.com/sites/sofia-papadopoulou,motion,Awwwards — Sites of the Day,https://www.awwwards.com/websites/sites_of_the_day/?page=68
1546,U,Google Cloud Demos-Healthcare,https://www.awwwards.com/sites/google-cloud-demos-healthcare,motion,Awwwards — Sites of the Day,https://www.awwwards.com/websites/sites_of_the_day/?page=68
1547,U,"Nieuw Bergen, Iconic Living.",https://www.awwwards.com/sites/nieuw-bergen-iconic-living,motion,Awwwards — Sites of the Day,https://www.awwwards.com/websites/sites_of_the_day/?page=68
1548,U,Deliciously Dark Escape,https://www.awwwards.com/sites/deliciously-dark-escape,motion,Awwwards — Sites of the Day,https://www.awwwards.com/websites/sites_of_the_day/?page=68
1549,U,The Queen and The Crown,https://www.awwwards.com/sites/the-queen-and-the-crown,motion,Awwwards — Sites of the Day,https://www.awwwards.com/websites/sites_of_the_day/?page=68
1550,U,Foam Talent 2020,https://www.awwwards.com/sites/foam-talent-2020,motion,Awwwards — Sites of the Day,https://www.awwwards.com/websites/sites_of_the_day/?page=68
1552,U,Naba Zabih,https://www.awwwards.com/sites/naba-zabih,motion,Awwwards — Sites of the Day,https://www.awwwards.com/websites/sites_of_the_day/?page=68
1553,U,Spain Collection,https://www.awwwards.com/sites/spain-collection,motion,Awwwards — Sites of the Day,https://www.awwwards.com/websites/sites_of_the_day/?page=68
1554,U,Midwam,https://www.awwwards.com/sites/midwam,motion,Awwwards — Sites of the Day,https://www.awwwards.com/websites/sites_of_the_day/?page=68
1555,U,Loftgarten,https://www.awwwards.com/sites/loftgarten,motion,Awwwards — Sites of the Day,https://www.awwwards.com/websites/sites_of_the_day/?page=68
1556,U,Studio—BA®,https://www.awwwards.com/sites/studio-ba-r,motion,Awwwards — Sites of the Day,https://www.awwwards.com/websites/sites_of_the_day/?page=68
1558,U,Physics of Beauty,https://www.awwwards.com/sites/physics-of-beauty,motion,Awwwards — Sites of the Day,https://www.awwwards.com/websites/sites_of_the_day/?page=68
1560,U,grove lust,https://www.awwwards.com/sites/grove-lust,motion,Awwwards — Sites of the Day,https://www.awwwards.com/websites/sites_of_the_day/?page=69
1561,U,Medal of Honor: Above & Beyond,https://www.awwwards.com/sites/medal-of-honor-above-beyond,motion,Awwwards — Sites of the Day,https://www.awwwards.com/websites/sites_of_the_day/?page=69
1562,U,Chartogne-Taillet,https://www.awwwards.com/sites/chartogne-taillet,motion,Awwwards — Sites of the Day,https://www.awwwards.com/websites/sites_of_the_day/?page=69
1564,U,Inside the Mind of Samuel Day,https://www.awwwards.com/sites/inside-the-mind-of-samuel-day,motion,Awwwards — Sites of the Day,https://www.awwwards.com/websites/sites_of_the_day/?page=69
1565,U,Huluween: The Screamlands,https://www.awwwards.com/sites/huluween-the-screamlands,motion,Awwwards — Sites of the Day,https://www.awwwards.com/websites/sites_of_the_day/?page=69
1566,U,aircord,https://www.awwwards.com/sites/aircord,motion,Awwwards — Sites of the Day,https://www.awwwards.com/websites/sites_of_the_day/?page=69
1567,U,Humans 3d characters,https://www.awwwards.com/sites/humans-3d-characters,motion,Awwwards — Sites of the Day,https://www.awwwards.com/websites/sites_of_the_day/?page=69
1568,U,Kode Sports Club,https://www.awwwards.com/sites/kode,motion,Awwwards — Sites of the Day,https://www.awwwards.com/websites/sites_of_the_day/?page=69
1569,U,Vooban,https://www.awwwards.com/sites/vooban,motion,Awwwards — Sites of the Day,https://www.awwwards.com/websites/sites_of_the_day/?page=69
1570,U,ZoePepper,https://www.awwwards.com/sites/zoepepper,motion,Awwwards — Sites of the Day,https://www.awwwards.com/websites/sites_of_the_day/?page=69
1571,U,Maserati MC20 Product Page,https://www.awwwards.com/sites/maserati-mc20-product-page,motion,Awwwards — Sites of the Day,https://www.awwwards.com/websites/sites_of_the_day/?page=69
1572,U,Glenn Catteeuw — Portfolio,https://www.awwwards.com/sites/glenn-catteeuw-portfolio,motion,Awwwards — Sites of the Day,https://www.awwwards.com/websites/sites_of_the_day/?page=69
1573,U,Julie Guzal - Portfolio,https://www.awwwards.com/sites/julie-guzal-portfolio,motion,Awwwards — Sites of the Day,https://www.awwwards.com/websites/sites_of_the_day/?page=69
1574,U,The Weed Center,https://www.awwwards.com/sites/the-weed-center,motion,Awwwards — Sites of the Day,https://www.awwwards.com/websites/sites_of_the_day/?page=69
1575,U,Block Rage,https://www.awwwards.com/sites/block-rage,motion,Awwwards — Sites of the Day,https://www.awwwards.com/websites/sites_of_the_day/?page=69
1576,U,Overpass,https://www.awwwards.com/sites/overpass,motion,Awwwards — Sites of the Day,https://www.awwwards.com/websites/sites_of_the_day/?page=69
1577,U,Squadeasy,https://www.awwwards.com/sites/squadeasy,motion,Awwwards — Sites of the Day,https://www.awwwards.com/websites/sites_of_the_day/?page=69
1578,U,BOOST,https://www.awwwards.com/sites/boost,motion,Awwwards — Sites of the Day,https://www.awwwards.com/websites/sites_of_the_day/?page=69
1580,U,Marqeta,https://www.awwwards.com/sites/marqeta,motion,Awwwards — Sites of the Day,https://www.awwwards.com/websites/sites_of_the_day/?page=69
1581,U,Marussia Beverages,https://www.awwwards.com/sites/marussia-beverages,motion,Awwwards — Sites of the Day,https://www.awwwards.com/websites/sites_of_the_day/?page=69
1582,U,Carnival with Spotify,https://www.awwwards.com/sites/carnival-with-spotify,motion,Awwwards — Sites of the Day,https://www.awwwards.com/websites/sites_of_the_day/?page=69
1583,U,Machine Learning Fairness,https://www.awwwards.com/sites/machine-learning-fairness,motion,Awwwards — Sites of the Day,https://www.awwwards.com/websites/sites_of_the_day/?page=69
1584,U,Charlie Le Maignan - Portfolio,https://www.awwwards.com/sites/charlie-le-maignan-portfolio,motion,Awwwards — Sites of the Day,https://www.awwwards.com/websites/sites_of_the_day/?page=69
1585,U,Blindsight,https://www.awwwards.com/sites/blindsight,motion,Awwwards — Sites of the Day,https://www.awwwards.com/websites/sites_of_the_day/?page=69
1586,U,Clock Strikes Twelve,https://www.awwwards.com/sites/clock-strikes-twelve,motion,Awwwards — Sites of the Day,https://www.awwwards.com/websites/sites_of_the_day/?page=69
1587,U,City of Varennes,https://www.awwwards.com/sites/city-of-varennes,motion,Awwwards — Sites of the Day,https://www.awwwards.com/websites/sites_of_the_day/?page=69
1588,U,House of Maserati,https://www.awwwards.com/sites/house-of-maserati,motion,Awwwards — Sites of the Day,https://www.awwwards.com/websites/sites_of_the_day/?page=69
1589,U,DMLA - Dans tes yeux,https://www.awwwards.com/sites/dmla-dans-tes-yeux,motion,Awwwards — Sites of the Day,https://www.awwwards.com/websites/sites_of_the_day/?page=69
1591,U,Dark: Official Netflix Guide,https://www.awwwards.com/sites/dark-official-netflix-guide,motion,Awwwards — Sites of the Day,https://www.awwwards.com/websites/sites_of_the_day/?page=70
1593,U,Centogene Solutions,https://www.awwwards.com/sites/centogene-solutions,motion,Awwwards — Sites of the Day,https://www.awwwards.com/websites/sites_of_the_day/?page=70
1594,U,Chocapic Nutri-Game,https://www.awwwards.com/sites/chocapic-nutri-game,motion,Awwwards — Sites of the Day,https://www.awwwards.com/websites/sites_of_the_day/?page=70
1596,U,Goliath Entertainment,https://www.awwwards.com/sites/goliath-entertainment,motion,Awwwards — Sites of the Day,https://www.awwwards.com/websites/sites_of_the_day/?page=70
1597,U,Lamadone,https://www.awwwards.com/sites/lamadone,motion,Awwwards — Sites of the Day,https://www.awwwards.com/websites/sites_of_the_day/?page=70
1598,U,Robin Noguier - Portfolio,https://www.awwwards.com/sites/robin-noguier-portfolio,motion,Awwwards — Sites of the Day,https://www.awwwards.com/websites/sites_of_the_day/?page=70
1599,U,Witnesses to History,https://www.awwwards.com/sites/witnesses-to-history,motion,Awwwards — Sites of the Day,https://www.awwwards.com/websites/sites_of_the_day/?page=70
1600,U,KIKK Festival 2020,https://www.awwwards.com/sites/kikk-festival-2020,motion,Awwwards — Sites of the Day,https://www.awwwards.com/websites/sites_of_the_day/?page=70
1602,U,WHEN WE WERE KIDS PRODUCTION,https://www.awwwards.com/sites/when-we-were-kids,motion,Awwwards — Sites of the Day,https://www.awwwards.com/websites/sites_of_the_day/?page=70
1603,U,CHILE20,https://www.awwwards.com/sites/chile20,motion,Awwwards — Sites of the Day,https://www.awwwards.com/websites/sites_of_the_day/?page=70
1604,U,Simon Daufresne,https://www.awwwards.com/sites/simon-daufresne,motion,Awwwards — Sites of the Day,https://www.awwwards.com/websites/sites_of_the_day/?page=70
1605,U,Discovered Wildfoods,https://www.awwwards.com/sites/discovered-wildfoods,motion,Awwwards — Sites of the Day,https://www.awwwards.com/websites/sites_of_the_day/?page=70
1606,U,Æbele Interiors,https://www.awwwards.com/sites/aebele-interiors,motion,Awwwards — Sites of the Day,https://www.awwwards.com/websites/sites_of_the_day/?page=70
1607,U,Brews and Grooves,https://www.awwwards.com/sites/brews-and-grooves,motion,Awwwards — Sites of the Day,https://www.awwwards.com/websites/sites_of_the_day/?page=70
1608,U,Tiger Tells about Voodoo,https://www.awwwards.com/sites/tiger-tells-about-voodoo,motion,Awwwards — Sites of the Day,https://www.awwwards.com/websites/sites_of_the_day/?page=70
1609,U,Lucciano's,https://www.awwwards.com/sites/luccianos,motion,Awwwards — Sites of the Day,https://www.awwwards.com/websites/sites_of_the_day/?page=70
1610,U,Blind Barber 10—Year,https://www.awwwards.com/sites/blind-barber-10-year,motion,Awwwards — Sites of the Day,https://www.awwwards.com/websites/sites_of_the_day/?page=70
1611,U,AloneWithMe.Ai,https://www.awwwards.com/sites/alonewithme-ai,motion,Awwwards — Sites of the Day,https://www.awwwards.com/websites/sites_of_the_day/?page=70
1613,U,Nahel Moussi – Portfolio,https://www.awwwards.com/sites/nahelmoussi-portfolio,motion,Awwwards — Sites of the Day,https://www.awwwards.com/websites/sites_of_the_day/?page=70
1614,U,"M-trust Co.,Ltd. Corporate",https://www.awwwards.com/sites/m-trust-co-ltd-corporate,motion,Awwwards — Sites of the Day,https://www.awwwards.com/websites/sites_of_the_day/?page=70
1615,U,RipePlanet,https://www.awwwards.com/sites/ripeplanet,motion,Awwwards — Sites of the Day,https://www.awwwards.com/websites/sites_of_the_day/?page=70
1616,U,The Araw Collection,https://www.awwwards.com/sites/the-araw-collection,motion,Awwwards — Sites of the Day,https://www.awwwards.com/websites/sites_of_the_day/?page=70
1617,U,Letter,https://www.awwwards.com/sites/letter,motion,Awwwards — Sites of the Day,https://www.awwwards.com/websites/sites_of_the_day/?page=70
1618,V,Fledge,https://www.awwwards.com/sites/fledge,motion,Awwwards — Sites of the Day,https://www.awwwards.com/websites/sites_of_the_day/?page=70
1619,V,SIXMOREVODKA,https://www.awwwards.com/sites/sixmorevodka,motion,Awwwards — Sites of the Day,https://www.awwwards.com/websites/sites_of_the_day/?page=70
1620,V,Gusto Play 2,https://www.awwwards.com/sites/gusto-play-2,motion,Awwwards — Sites of the Day,https://www.awwwards.com/websites/sites_of_the_day/?page=70
1621,V,Gucci Off The Grid,https://www.awwwards.com/sites/gucci-off-the-grid,motion,Awwwards — Sites of the Day,https://www.awwwards.com/websites/sites_of_the_day/?page=71
1622,V,Sophie Dkf,https://www.awwwards.com/sites/sophie-dkf,motion,Awwwards — Sites of the Day,https://www.awwwards.com/websites/sites_of_the_day/?page=71
1623,V,Web Graphic Experiments v2,https://www.awwwards.com/sites/web-graphic-experiments-v2,motion,Awwwards — Sites of the Day,https://www.awwwards.com/websites/sites_of_the_day/?page=71
1624,V,The Bartlett Summer Show 2020,https://www.awwwards.com/sites/the-bartlett-summer-show-2020,motion,Awwwards — Sites of the Day,https://www.awwwards.com/websites/sites_of_the_day/?page=71
1625,V,TM,https://www.awwwards.com/sites/tm,motion,Awwwards — Sites of the Day,https://www.awwwards.com/websites/sites_of_the_day/?page=71
1626,V,Virgin Hyperloop,https://www.awwwards.com/sites/virgin-hyperloop,motion,Awwwards — Sites of the Day,https://www.awwwards.com/websites/sites_of_the_day/?page=71
1627,V,WONDERLAND,https://www.awwwards.com/sites/wonderlandams,motion,Awwwards — Sites of the Day,https://www.awwwards.com/websites/sites_of_the_day/?page=71
1628,V,Spline Group,https://www.awwwards.com/sites/spline-group,motion,Awwwards — Sites of the Day,https://www.awwwards.com/websites/sites_of_the_day/?page=71
1629,V,DuallStudio,https://www.awwwards.com/sites/duallstudio,motion,Awwwards — Sites of the Day,https://www.awwwards.com/websites/sites_of_the_day/?page=71
1630,V,Bermat,https://www.awwwards.com/sites/bermat,motion,Awwwards — Sites of the Day,https://www.awwwards.com/websites/sites_of_the_day/?page=71
1631,V,Mutek Festival,https://www.awwwards.com/sites/mutek-festival,motion,Awwwards — Sites of the Day,https://www.awwwards.com/websites/sites_of_the_day/?page=71
1632,V,2°C EARTH,https://www.awwwards.com/sites/2degc-earth,motion,Awwwards — Sites of the Day,https://www.awwwards.com/websites/sites_of_the_day/?page=71
1633,V,BMS UNITED,https://www.awwwards.com/sites/bms-united,motion,Awwwards — Sites of the Day,https://www.awwwards.com/websites/sites_of_the_day/?page=71
1634,V,illo.tv,https://www.awwwards.com/sites/illo-tv,motion,Awwwards — Sites of the Day,https://www.awwwards.com/websites/sites_of_the_day/?page=71
1636,V,Sapiens Character Builder,https://www.awwwards.com/sites/sapiens-character-builder,motion,Awwwards — Sites of the Day,https://www.awwwards.com/websites/sites_of_the_day/?page=71
1637,V,Utrust,https://www.awwwards.com/sites/utrust,motion,Awwwards — Sites of the Day,https://www.awwwards.com/websites/sites_of_the_day/?page=71
1638,V,The Crumbskees,https://www.awwwards.com/sites/the-crumbskees,motion,Awwwards — Sites of the Day,https://www.awwwards.com/websites/sites_of_the_day/?page=71
1639,V,Vault49,https://www.awwwards.com/sites/vault49,motion,Awwwards — Sites of the Day,https://www.awwwards.com/websites/sites_of_the_day/?page=71
1640,V,Ukrainian Railroad Ladies,https://www.awwwards.com/sites/ukrainian-railroad-ladies,motion,Awwwards — Sites of the Day,https://www.awwwards.com/websites/sites_of_the_day/?page=71
1641,V,Fuoripista,https://www.awwwards.com/sites/fuoripista,motion,Awwwards — Sites of the Day,https://www.awwwards.com/websites/sites_of_the_day/?page=71
1642,V,Laura Bize | Folio,https://www.awwwards.com/sites/laura-bize-folio,motion,Awwwards — Sites of the Day,https://www.awwwards.com/websites/sites_of_the_day/?page=71
1643,V,Maggie Rose,https://www.awwwards.com/sites/maggie-rose,motion,Awwwards — Sites of the Day,https://www.awwwards.com/websites/sites_of_the_day/?page=71
1644,V,BlueReceipt,https://www.awwwards.com/sites/bluereceipt,motion,Awwwards — Sites of the Day,https://www.awwwards.com/websites/sites_of_the_day/?page=71
1646,V,Ferrumpipe,https://www.awwwards.com/sites/ferrumpipe,motion,Awwwards — Sites of the Day,https://www.awwwards.com/websites/sites_of_the_day/?page=71
1647,V,VC Swipe,https://www.awwwards.com/sites/vc-swipe,motion,Awwwards — Sites of the Day,https://www.awwwards.com/websites/sites_of_the_day/?page=71
1648,V,Making Maisel Marvelous,https://www.awwwards.com/sites/making-maisel-marvelous,motion,Awwwards — Sites of the Day,https://www.awwwards.com/websites/sites_of_the_day/?page=71
1649,V,ITI,https://www.awwwards.com/sites/iti,motion,Awwwards — Sites of the Day,https://www.awwwards.com/websites/sites_of_the_day/?page=71
1650,V,Admita,https://www.awwwards.com/sites/admita,motion,Awwwards — Sites of the Day,https://www.awwwards.com/websites/sites_of_the_day/?page=71
1651,V,Salomon Ligthelm,https://www.awwwards.com/sites/salomon-ligthelm,motion,Awwwards — Sites of the Day,https://www.awwwards.com/websites/sites_of_the_day/?page=71
1652,V,SDU - Future Education,https://www.awwwards.com/sites/sdu-future-education,motion,Awwwards — Sites of the Day,https://www.awwwards.com/websites/sites_of_the_day/?page=72
1653,V,Revista el duende,https://www.awwwards.com/sites/revista-el-duende,motion,Awwwards — Sites of the Day,https://www.awwwards.com/websites/sites_of_the_day/?page=72
1654,V,KatchMe,https://www.awwwards.com/sites/katchme,motion,Awwwards — Sites of the Day,https://www.awwwards.com/websites/sites_of_the_day/?page=72
1655,V,TWKS,https://www.awwwards.com/sites/twks,motion,Awwwards — Sites of the Day,https://www.awwwards.com/websites/sites_of_the_day/?page=72
1657,V,MILL3 STUDIO,https://www.awwwards.com/sites/mill3-studio,motion,Awwwards — Sites of the Day,https://www.awwwards.com/websites/sites_of_the_day/?page=72
1658,V,Markus Agency,https://www.awwwards.com/sites/markus-agency,motion,Awwwards — Sites of the Day,https://www.awwwards.com/websites/sites_of_the_day/?page=72
1659,V,Chris Wilcock,https://www.awwwards.com/sites/chris-wilcock,motion,Awwwards — Sites of the Day,https://www.awwwards.com/websites/sites_of_the_day/?page=72
1661,V,Yolélé,https://www.awwwards.com/sites/yolele,motion,Awwwards — Sites of the Day,https://www.awwwards.com/websites/sites_of_the_day/?page=72
1662,V,Ali Ali,https://www.awwwards.com/sites/ali-ali,motion,Awwwards — Sites of the Day,https://www.awwwards.com/websites/sites_of_the_day/?page=72
1663,V,kukla 3d icon kit,https://www.awwwards.com/sites/kukla-3d-icon-kit,motion,Awwwards — Sites of the Day,https://www.awwwards.com/websites/sites_of_the_day/?page=72
1664,V,Graphic Designer,https://www.awwwards.com/sites/graphic-designer-job,motion,Awwwards — Sites of the Day,https://www.awwwards.com/websites/sites_of_the_day/?page=72
1665,V,Voice of Racism,https://www.awwwards.com/sites/voice-of-racism,motion,Awwwards — Sites of the Day,https://www.awwwards.com/websites/sites_of_the_day/?page=72
1666,V,Next Big Thing,https://www.awwwards.com/sites/next-big-thing,motion,Awwwards — Sites of the Day,https://www.awwwards.com/websites/sites_of_the_day/?page=72
1667,V,GlobeKit,https://www.awwwards.com/sites/globekit-1,motion,Awwwards — Sites of the Day,https://www.awwwards.com/websites/sites_of_the_day/?page=72
1668,V,Kieran Baybutt - Portfolio,https://www.awwwards.com/sites/kieran-baybutt-portfolio,motion,Awwwards — Sites of the Day,https://www.awwwards.com/websites/sites_of_the_day/?page=72
1669,V,FIL - SUMI LIMITED,https://www.awwwards.com/sites/fil-sumi-limited,motion,Awwwards — Sites of the Day,https://www.awwwards.com/websites/sites_of_the_day/?page=72
1671,V,Fleava Digital Agency,https://www.awwwards.com/sites/fleava-digital-agency-1,motion,Awwwards — Sites of the Day,https://www.awwwards.com/websites/sites_of_the_day/?page=72
1672,V,Anastasiia Afanasieva,https://www.awwwards.com/sites/anastasiia-afanasieva,motion,Awwwards — Sites of the Day,https://www.awwwards.com/websites/sites_of_the_day/?page=72
1673,V,Vide Infra,https://www.awwwards.com/sites/vide-infra-agency,motion,Awwwards — Sites of the Day,https://www.awwwards.com/websites/sites_of_the_day/?page=72
1674,V,WAKA WAKA,https://www.awwwards.com/sites/waka-waka,motion,Awwwards — Sites of the Day,https://www.awwwards.com/websites/sites_of_the_day/?page=72
1675,V,Sweet Punk,https://www.awwwards.com/sites/sweet-punk-1,motion,Awwwards — Sites of the Day,https://www.awwwards.com/websites/sites_of_the_day/?page=72
1676,V,At Home,https://www.awwwards.com/sites/at-home,motion,Awwwards — Sites of the Day,https://www.awwwards.com/websites/sites_of_the_day/?page=72
1678,V,Hoang Nguyen Personal Site,https://www.awwwards.com/sites/hoang-nguyen-personal-site,motion,Awwwards — Sites of the Day,https://www.awwwards.com/websites/sites_of_the_day/?page=72
1679,V,Gucci Dive,https://www.awwwards.com/sites/gucci-dive,motion,Awwwards — Sites of the Day,https://www.awwwards.com/websites/sites_of_the_day/?page=72
1680,V,The Outpost,https://www.awwwards.com/sites/the-outpost,motion,Awwwards — Sites of the Day,https://www.awwwards.com/websites/sites_of_the_day/?page=72
1682,V,Story Line,https://www.awwwards.com/sites/story-line,motion,Awwwards — Sites of the Day,https://www.awwwards.com/websites/sites_of_the_day/?page=72
1683,V,Radiant Studios,https://www.awwwards.com/sites/radiantstudios,motion,Awwwards — Sites of the Day,https://www.awwwards.com/websites/sites_of_the_day/?page=73
1684,V,Annatwelve - Fragrances,https://www.awwwards.com/sites/annatwelve-fragrances,motion,Awwwards — Sites of the Day,https://www.awwwards.com/websites/sites_of_the_day/?page=73
1685,V,THEREMIX - Virtual Theremin,https://www.awwwards.com/sites/theremix-virtual-theremin,motion,Awwwards — Sites of the Day,https://www.awwwards.com/websites/sites_of_the_day/?page=73
1686,V,Better Half,https://www.awwwards.com/sites/better-half,motion,Awwwards — Sites of the Day,https://www.awwwards.com/websites/sites_of_the_day/?page=73
1687,V,Vredestein New Horizons,https://www.awwwards.com/sites/vredestein-new-horizons,motion,Awwwards — Sites of the Day,https://www.awwwards.com/websites/sites_of_the_day/?page=73
1688,V,Synchronized studio,https://www.awwwards.com/sites/synchronized-studio,motion,Awwwards — Sites of the Day,https://www.awwwards.com/websites/sites_of_the_day/?page=73
1689,V,Jacob Mckee — Colorist,https://www.awwwards.com/sites/jacob-mckee-colorist,motion,Awwwards — Sites of the Day,https://www.awwwards.com/websites/sites_of_the_day/?page=73
1690,V,Dunderville.se,https://www.awwwards.com/sites/dunderville-se,motion,Awwwards — Sites of the Day,https://www.awwwards.com/websites/sites_of_the_day/?page=73
1692,V,Thibaut Foussard - 2020,https://www.awwwards.com/sites/thibaut-foussard-2020,motion,Awwwards — Sites of the Day,https://www.awwwards.com/websites/sites_of_the_day/?page=73
1693,V,Kaleidoz™ Design Website,https://www.awwwards.com/sites/kaleidoztm-design-website,motion,Awwwards — Sites of the Day,https://www.awwwards.com/websites/sites_of_the_day/?page=73
1694,V,PBSC®,https://www.awwwards.com/sites/pbsc-r,motion,Awwwards — Sites of the Day,https://www.awwwards.com/websites/sites_of_the_day/?page=73
1695,W,makemepulse,https://www.awwwards.com/sites/makemepulse,motion,Awwwards — Sites of the Day,https://www.awwwards.com/websites/sites_of_the_day/?page=73
1696,W,Patrick HENG - Portfolio,https://www.awwwards.com/sites/patrick-heng-portfolio-1,motion,Awwwards — Sites of the Day,https://www.awwwards.com/websites/sites_of_the_day/?page=73
1697,W,We are Büro,https://www.awwwards.com/sites/we-are-buro,motion,Awwwards — Sites of the Day,https://www.awwwards.com/websites/sites_of_the_day/?page=73
1698,W,Million Piece Mission,https://www.awwwards.com/sites/million-piece-mission,motion,Awwwards — Sites of the Day,https://www.awwwards.com/websites/sites_of_the_day/?page=73
1699,W,Depositphotos. Evolution,https://www.awwwards.com/sites/depositphoto-evolution,motion,Awwwards — Sites of the Day,https://www.awwwards.com/websites/sites_of_the_day/?page=73
1700,W,Daniele Buffa - Portfolio,https://www.awwwards.com/sites/daniele-buffa-portfolio-1,motion,Awwwards — Sites of the Day,https://www.awwwards.com/websites/sites_of_the_day/?page=73
1701,W,Marvin Schwaibold,https://www.awwwards.com/sites/marvin-schwaibold,motion,Awwwards — Sites of the Day,https://www.awwwards.com/websites/sites_of_the_day/?page=73
1702,W,Mavfarm,https://www.awwwards.com/sites/mavfarm,motion,Awwwards — Sites of the Day,https://www.awwwards.com/websites/sites_of_the_day/?page=73
1703,W,CreativeCrew,https://www.awwwards.com/sites/creativecrew,motion,Awwwards — Sites of the Day,https://www.awwwards.com/websites/sites_of_the_day/?page=73
1704,W,Chiara Luzzana–Sound Designer,https://www.awwwards.com/sites/chiara-luzzana-sound-designer,motion,Awwwards — Sites of the Day,https://www.awwwards.com/websites/sites_of_the_day/?page=73
1705,W,KD Capital,https://www.awwwards.com/sites/kd-capital,motion,Awwwards — Sites of the Day,https://www.awwwards.com/websites/sites_of_the_day/?page=73
1706,W,Turbulent.ca,https://www.awwwards.com/sites/turbulent-ca,motion,Awwwards — Sites of the Day,https://www.awwwards.com/websites/sites_of_the_day/?page=73
1707,W,Adventure Time: Distant Lands,https://www.awwwards.com/sites/adventure-time-distant-lands,motion,Awwwards — Sites of the Day,https://www.awwwards.com/websites/sites_of_the_day/?page=73
1709,W,Pioneer - Corn Revolutionized,https://www.awwwards.com/sites/pioneer-corn-revolutionized,motion,Awwwards — Sites of the Day,https://www.awwwards.com/websites/sites_of_the_day/?page=73
1710,W,Everyday Experiments,https://www.awwwards.com/sites/everyday-experiments,motion,Awwwards — Sites of the Day,https://www.awwwards.com/websites/sites_of_the_day/?page=73
1711,W,Un printemps suspendu,https://www.awwwards.com/sites/un-printemps-suspendu,motion,Awwwards — Sites of the Day,https://www.awwwards.com/websites/sites_of_the_day/?page=73
1712,W,SEMPAI,https://www.awwwards.com/sites/sempai,motion,Awwwards — Sites of the Day,https://www.awwwards.com/websites/sites_of_the_day/?page=73
1714,W,Safari Riot,https://www.awwwards.com/sites/safari-riot,motion,Awwwards — Sites of the Day,https://www.awwwards.com/websites/sites_of_the_day/?page=74
1715,W,Reed.be,https://www.awwwards.com/sites/reedbe,motion,Awwwards — Sites of the Day,https://www.awwwards.com/websites/sites_of_the_day/?page=74
1716,W,Superfluid,https://www.awwwards.com/sites/superfluid,motion,Awwwards — Sites of the Day,https://www.awwwards.com/websites/sites_of_the_day/?page=74
1717,W,Blackmeal,https://www.awwwards.com/sites/blackmeal,motion,Awwwards — Sites of the Day,https://www.awwwards.com/websites/sites_of_the_day/?page=74
1718,W,14islands,https://www.awwwards.com/sites/14islands,motion,Awwwards — Sites of the Day,https://www.awwwards.com/websites/sites_of_the_day/?page=74
1719,W,Altermind,https://www.awwwards.com/sites/altermind,motion,Awwwards — Sites of the Day,https://www.awwwards.com/websites/sites_of_the_day/?page=74
1720,W,Thomas Bosc | Content Manager,https://www.awwwards.com/sites/thomas-bosc-content-manager,motion,Awwwards — Sites of the Day,https://www.awwwards.com/websites/sites_of_the_day/?page=74
1721,W,Mcube,https://www.awwwards.com/sites/mcube,motion,Awwwards — Sites of the Day,https://www.awwwards.com/websites/sites_of_the_day/?page=74
1723,W,ENID,https://www.awwwards.com/sites/enid,motion,Awwwards — Sites of the Day,https://www.awwwards.com/websites/sites_of_the_day/?page=74
1725,W,Masters 1987,https://www.awwwards.com/sites/masters-1987-1,motion,Awwwards — Sites of the Day,https://www.awwwards.com/websites/sites_of_the_day/?page=74
1727,W,Peak'n Film,https://www.awwwards.com/sites/peakn-film,motion,Awwwards — Sites of the Day,https://www.awwwards.com/websites/sites_of_the_day/?page=74
1728,W,The Badass Project,https://www.awwwards.com/sites/the-badass-project,motion,Awwwards — Sites of the Day,https://www.awwwards.com/websites/sites_of_the_day/?page=74
1730,W,The Virtual Economy,https://www.awwwards.com/sites/the-virtual-economy,motion,Awwwards — Sites of the Day,https://www.awwwards.com/websites/sites_of_the_day/?page=74
1733,W,LM Chabot,https://www.awwwards.com/sites/lm-chabot,motion,Awwwards — Sites of the Day,https://www.awwwards.com/websites/sites_of_the_day/?page=74
1734,W,Moon Safari,https://www.awwwards.com/sites/moon-safari,motion,Awwwards — Sites of the Day,https://www.awwwards.com/websites/sites_of_the_day/?page=74
1735,W,Beans Digital Marketing Agency,https://www.awwwards.com/sites/beans-digital-marketing-agency,motion,Awwwards — Sites of the Day,https://www.awwwards.com/websites/sites_of_the_day/?page=74
1737,W,Le Cantiche 1320,https://www.awwwards.com/sites/le-cantiche-1320,motion,Awwwards — Sites of the Day,https://www.awwwards.com/websites/sites_of_the_day/?page=74
1738,W,Yuko Higuchi x Gucci,https://www.awwwards.com/sites/yuko-higuchi-x-gucci,motion,Awwwards — Sites of the Day,https://www.awwwards.com/websites/sites_of_the_day/?page=74
1739,W,MAISON CACAO,https://www.awwwards.com/sites/maison-cacao,motion,Awwwards — Sites of the Day,https://www.awwwards.com/websites/sites_of_the_day/?page=74
1740,W,Readymag Design Workout,https://www.awwwards.com/sites/readymag-design-workout,motion,Awwwards — Sites of the Day,https://www.awwwards.com/websites/sites_of_the_day/?page=74
1741,W,Virages,https://www.awwwards.com/sites/virages,motion,Awwwards — Sites of the Day,https://www.awwwards.com/websites/sites_of_the_day/?page=74
1742,W,Studio Mærtens,https://www.awwwards.com/sites/studio-maertens,motion,Awwwards — Sites of the Day,https://www.awwwards.com/websites/sites_of_the_day/?page=74
1743,W,Ciao Bella,https://www.awwwards.com/sites/ciao-bella,motion,Awwwards — Sites of the Day,https://www.awwwards.com/websites/sites_of_the_day/?page=74
1744,W,My Better Normal,https://www.awwwards.com/sites/my-better-normal,motion,Awwwards — Sites of the Day,https://www.awwwards.com/websites/sites_of_the_day/?page=74
1745,W,Listening Together,https://www.awwwards.com/sites/listening-together,motion,Awwwards — Sites of the Day,https://www.awwwards.com/websites/sites_of_the_day/?page=75
1746,W,Ivan Toma,https://www.awwwards.com/sites/ivan-toma,motion,Awwwards — Sites of the Day,https://www.awwwards.com/websites/sites_of_the_day/?page=75
1747,W,Portfolio - Tiffanie Mazellier,https://www.awwwards.com/sites/portfolio-tiffanie-mazellier,motion,Awwwards — Sites of the Day,https://www.awwwards.com/websites/sites_of_the_day/?page=75
1748,W,Ruud Luijten Photography,https://www.awwwards.com/sites/ruud-luijten-photography,motion,Awwwards — Sites of the Day,https://www.awwwards.com/websites/sites_of_the_day/?page=75
1749,W,Gucci Mascara Hunt,https://www.awwwards.com/sites/gucci-mascara-hunt,motion,Awwwards — Sites of the Day,https://www.awwwards.com/websites/sites_of_the_day/?page=75
1750,W,Moooi - A Life Extraordinary,https://www.awwwards.com/sites/moooi-a-life-extraordinary,motion,Awwwards — Sites of the Day,https://www.awwwards.com/websites/sites_of_the_day/?page=75
1751,W,Everpost,https://www.awwwards.com/sites/everpost,motion,Awwwards — Sites of the Day,https://www.awwwards.com/websites/sites_of_the_day/?page=75
1752,W,Haerfest,https://www.awwwards.com/sites/haerfest,motion,Awwwards — Sites of the Day,https://www.awwwards.com/websites/sites_of_the_day/?page=75
1753,W,Corentin Bernadou Folio No.01,https://www.awwwards.com/sites/corentin-bernadou-folio-no-01,motion,Awwwards — Sites of the Day,https://www.awwwards.com/websites/sites_of_the_day/?page=75
1755,W,charlie Montagut,https://www.awwwards.com/sites/charlie-montagut,motion,Awwwards — Sites of the Day,https://www.awwwards.com/websites/sites_of_the_day/?page=75
1756,W,VanMoof: S3 & X3,https://www.awwwards.com/sites/vanmoof-s3-x3,motion,Awwwards — Sites of the Day,https://www.awwwards.com/websites/sites_of_the_day/?page=75
1757,W,CoverMyMeds - Careers,https://www.awwwards.com/sites/cover-my-meds-careers,motion,Awwwards — Sites of the Day,https://www.awwwards.com/websites/sites_of_the_day/?page=75
1758,W,MacBook Pro 16-inch,https://www.awwwards.com/sites/macbook-pro-16-inch,motion,Awwwards — Sites of the Day,https://www.awwwards.com/websites/sites_of_the_day/?page=75
1759,W,underpromise,https://www.awwwards.com/sites/underpromise,motion,Awwwards — Sites of the Day,https://www.awwwards.com/websites/sites_of_the_day/?page=75
1760,W,Agora,https://www.awwwards.com/sites/agora,motion,Awwwards — Sites of the Day,https://www.awwwards.com/websites/sites_of_the_day/?page=75
1762,W,100 DAYS OF POETRY,https://www.awwwards.com/sites/100-days-of-poetry,motion,Awwwards — Sites of the Day,https://www.awwwards.com/websites/sites_of_the_day/?page=75
1763,W,SHUTDOWN.gallery,https://www.awwwards.com/sites/shutdown-gallery,motion,Awwwards — Sites of the Day,https://www.awwwards.com/websites/sites_of_the_day/?page=75
1764,W,Alan Menken,https://www.awwwards.com/sites/alan-menken,motion,Awwwards — Sites of the Day,https://www.awwwards.com/websites/sites_of_the_day/?page=75
1765,W,Olivier Gillaizeau,https://www.awwwards.com/sites/olivier-gillaizeau,motion,Awwwards — Sites of the Day,https://www.awwwards.com/websites/sites_of_the_day/?page=75
1766,W,Clmt. — Photography,https://www.awwwards.com/sites/clmt-photography,motion,Awwwards — Sites of the Day,https://www.awwwards.com/websites/sites_of_the_day/?page=75
1768,W,Jiacheng Yang 2020 Portfolio,https://www.awwwards.com/sites/jiacheng-yang-2020-portfolio,motion,Awwwards — Sites of the Day,https://www.awwwards.com/websites/sites_of_the_day/?page=75
1770,W,HENGE,https://www.awwwards.com/sites/henge-1,motion,Awwwards — Sites of the Day,https://www.awwwards.com/websites/sites_of_the_day/?page=75
1771,W,Kati Forner Folio Website,https://www.awwwards.com/sites/kati-forner-folio-website,motion,Awwwards — Sites of the Day,https://www.awwwards.com/websites/sites_of_the_day/?page=75
1772,X,Edoardo Smerilli–Film Director,https://www.awwwards.com/sites/edoardo-smerilli-film-director,motion,Awwwards — Sites of the Day,https://www.awwwards.com/websites/sites_of_the_day/?page=75
1773,X,Lyst Fashion DNA,https://www.awwwards.com/sites/lyst-fashion-dna,motion,Awwwards — Sites of the Day,https://www.awwwards.com/websites/sites_of_the_day/?page=75
1774,X,Thierry Chopain Portfolio 2020,https://www.awwwards.com/sites/thierry-chopain-portfolio-2020,motion,Awwwards — Sites of the Day,https://www.awwwards.com/websites/sites_of_the_day/?page=75
1775,X,type.kontrapunkt.com,https://www.awwwards.com/sites/type-kontrapunkt-com,motion,Awwwards — Sites of the Day,https://www.awwwards.com/websites/sites_of_the_day/?page=75
1776,X,Junction,https://www.awwwards.com/sites/junction,motion,Awwwards — Sites of the Day,https://www.awwwards.com/websites/sites_of_the_day/?page=76
1777,X,Houses Of,https://www.awwwards.com/sites/houses-of,motion,Awwwards — Sites of the Day,https://www.awwwards.com/websites/sites_of_the_day/?page=76
1778,X,DEGENESIS,https://www.awwwards.com/sites/degenesis,motion,Awwwards — Sites of the Day,https://www.awwwards.com/websites/sites_of_the_day/?page=76
1779,X,Wray & Nephew,https://www.awwwards.com/sites/wray-nephew,motion,Awwwards — Sites of the Day,https://www.awwwards.com/websites/sites_of_the_day/?page=76
1780,X,Mixlegno group,https://www.awwwards.com/sites/mixlegno-com,motion,Awwwards — Sites of the Day,https://www.awwwards.com/websites/sites_of_the_day/?page=76
1781,X,Skål Agence,https://www.awwwards.com/sites/skal-agence,motion,Awwwards — Sites of the Day,https://www.awwwards.com/websites/sites_of_the_day/?page=76
1782,X,Yannis Yannakopoulos,https://www.awwwards.com/sites/yannis-yannakopoulos,motion,Awwwards — Sites of the Day,https://www.awwwards.com/websites/sites_of_the_day/?page=76
1783,X,Jam3 - FWA 100,https://www.awwwards.com/sites/jam3-fwa-100,motion,Awwwards — Sites of the Day,https://www.awwwards.com/websites/sites_of_the_day/?page=76
1784,X,International Women’s Day,https://www.awwwards.com/sites/international-womens-day,motion,Awwwards — Sites of the Day,https://www.awwwards.com/websites/sites_of_the_day/?page=76
1785,X,Robin Golf,https://www.awwwards.com/sites/robin-golf,motion,Awwwards — Sites of the Day,https://www.awwwards.com/websites/sites_of_the_day/?page=76
1786,X,Diesel Wynwood,https://www.awwwards.com/sites/diesel-wynwood,motion,Awwwards — Sites of the Day,https://www.awwwards.com/websites/sites_of_the_day/?page=76
1787,X,CUSP,https://www.awwwards.com/sites/cusp,motion,Awwwards — Sites of the Day,https://www.awwwards.com/websites/sites_of_the_day/?page=76
1789,X,Fiomet,https://www.awwwards.com/sites/fiomet,motion,Awwwards — Sites of the Day,https://www.awwwards.com/websites/sites_of_the_day/?page=76
1790,X,USSR Design Almanac,https://www.awwwards.com/sites/ussr-design-almanac,motion,Awwwards — Sites of the Day,https://www.awwwards.com/websites/sites_of_the_day/?page=76
1791,X,Stone and Style,https://www.awwwards.com/sites/stone-and-style,motion,Awwwards — Sites of the Day,https://www.awwwards.com/websites/sites_of_the_day/?page=76
1792,X,Powerhouse Company,https://www.awwwards.com/sites/powerhouse-company,motion,Awwwards — Sites of the Day,https://www.awwwards.com/websites/sites_of_the_day/?page=76
1793,X,Shape Studio,https://www.awwwards.com/sites/shape-studio,motion,Awwwards — Sites of the Day,https://www.awwwards.com/websites/sites_of_the_day/?page=76
1794,X,Rino & Pelle,https://www.awwwards.com/sites/rino-pelle,motion,Awwwards — Sites of the Day,https://www.awwwards.com/websites/sites_of_the_day/?page=76
1795,X,Polly Kole,https://www.awwwards.com/sites/polly-kole,motion,Awwwards — Sites of the Day,https://www.awwwards.com/websites/sites_of_the_day/?page=76
1796,X,Jeans for Refugees,https://www.awwwards.com/sites/jeans-for-refugees,motion,Awwwards — Sites of the Day,https://www.awwwards.com/websites/sites_of_the_day/?page=76
1797,X,Spotify Pet Playlists,https://www.awwwards.com/sites/spotify-pet-playlists,motion,Awwwards — Sites of the Day,https://www.awwwards.com/websites/sites_of_the_day/?page=76
1798,X,BALLSYSTEM,https://www.awwwards.com/sites/ballsystem,motion,Awwwards — Sites of the Day,https://www.awwwards.com/websites/sites_of_the_day/?page=76
1799,X,MSTQ,https://www.awwwards.com/sites/mstq-1,motion,Awwwards — Sites of the Day,https://www.awwwards.com/websites/sites_of_the_day/?page=76
1800,X,Queen Garnet,https://www.awwwards.com/sites/queen-garnet,motion,Awwwards — Sites of the Day,https://www.awwwards.com/websites/sites_of_the_day/?page=76
1801,X,BASIC®,https://www.awwwards.com/sites/basic-r,motion,Awwwards — Sites of the Day,https://www.awwwards.com/websites/sites_of_the_day/?page=76
1802,X,Pitok Motor Museum,https://www.awwwards.com/sites/pitok-motor-museum,motion,Awwwards — Sites of the Day,https://www.awwwards.com/websites/sites_of_the_day/?page=76
1803,X,Castor & Pollux RSE,https://www.awwwards.com/sites/castor-pollux-rse,motion,Awwwards — Sites of the Day,https://www.awwwards.com/websites/sites_of_the_day/?page=76
1804,X,Käthe Kollwitz Memorial,https://www.awwwards.com/sites/kathe-kollwitz-memorial,motion,Awwwards — Sites of the Day,https://www.awwwards.com/websites/sites_of_the_day/?page=76
1805,X,Zenly,https://www.awwwards.com/sites/zenly,motion,Awwwards — Sites of the Day,https://www.awwwards.com/websites/sites_of_the_day/?page=76
1806,X,sabato.studio,https://www.awwwards.com/sites/sabato-studio,motion,Awwwards — Sites of the Day,https://www.awwwards.com/websites/sites_of_the_day/?page=76
1807,X,Cellular Agriculture Society,https://www.awwwards.com/sites/cellular-agriculture-society,motion,Awwwards — Sites of the Day,https://www.awwwards.com/websites/sites_of_the_day/?page=77
1808,X,eyesprint,https://www.awwwards.com/sites/eyesprint,motion,Awwwards — Sites of the Day,https://www.awwwards.com/websites/sites_of_the_day/?page=77
1809,X,CIRCUS Inc.,https://www.awwwards.com/sites/circus-inc,motion,Awwwards — Sites of the Day,https://www.awwwards.com/websites/sites_of_the_day/?page=77
1810,X,MADIES,https://www.awwwards.com/sites/madies,motion,Awwwards — Sites of the Day,https://www.awwwards.com/websites/sites_of_the_day/?page=77
1811,X,Playful Creative Collective,https://www.awwwards.com/sites/playful-creative-collective,motion,Awwwards — Sites of the Day,https://www.awwwards.com/websites/sites_of_the_day/?page=77
1812,X,Wannabe™,https://www.awwwards.com/sites/wannabe-2,motion,Awwwards — Sites of the Day,https://www.awwwards.com/websites/sites_of_the_day/?page=77
1813,X,Madeleine Dalla,https://www.awwwards.com/sites/madeleine-dalla,motion,Awwwards — Sites of the Day,https://www.awwwards.com/websites/sites_of_the_day/?page=77
1814,X,Yoichi Kobayashi,https://www.awwwards.com/sites/yoichi-kobayashi,motion,Awwwards — Sites of the Day,https://www.awwwards.com/websites/sites_of_the_day/?page=77
1815,X,Rouser,https://www.awwwards.com/sites/rouser,motion,Awwwards — Sites of the Day,https://www.awwwards.com/websites/sites_of_the_day/?page=77
1816,X,PANAMÆRA,https://www.awwwards.com/sites/panamaera,motion,Awwwards — Sites of the Day,https://www.awwwards.com/websites/sites_of_the_day/?page=77
1817,X,Acura: Beat That,https://www.awwwards.com/sites/acura-beat-that,motion,Awwwards — Sites of the Day,https://www.awwwards.com/websites/sites_of_the_day/?page=77
1818,X,56k.Cloud,https://www.awwwards.com/sites/56k-cloud,motion,Awwwards — Sites of the Day,https://www.awwwards.com/websites/sites_of_the_day/?page=77
1819,X,The Carbonation,https://www.awwwards.com/sites/the-carbonation,motion,Awwwards — Sites of the Day,https://www.awwwards.com/websites/sites_of_the_day/?page=77
1821,X,Erika Moreira — Portfolio,https://www.awwwards.com/sites/erika-moreira-portfolio,motion,Awwwards — Sites of the Day,https://www.awwwards.com/websites/sites_of_the_day/?page=77
1822,X,WØRKS,https://www.awwwards.com/sites/works,motion,Awwwards — Sites of the Day,https://www.awwwards.com/websites/sites_of_the_day/?page=77
1823,X,Below the Surface AR,https://www.awwwards.com/sites/below-the-surface-ar,motion,Awwwards — Sites of the Day,https://www.awwwards.com/websites/sites_of_the_day/?page=77
1824,X,Happy Egg,https://www.awwwards.com/sites/happy-egg,motion,Awwwards — Sites of the Day,https://www.awwwards.com/websites/sites_of_the_day/?page=77
1825,X,Unspun,https://www.awwwards.com/sites/unspun,motion,Awwwards — Sites of the Day,https://www.awwwards.com/websites/sites_of_the_day/?page=77
1826,X,Viens-la,https://www.awwwards.com/sites/viens-la-1,motion,Awwwards — Sites of the Day,https://www.awwwards.com/websites/sites_of_the_day/?page=77
1827,X,Throwbacks Music,https://www.awwwards.com/sites/throwbacks-music,motion,Awwwards — Sites of the Day,https://www.awwwards.com/websites/sites_of_the_day/?page=77
1828,X,Brother Film Co,https://www.awwwards.com/sites/brother-film-co,motion,Awwwards — Sites of the Day,https://www.awwwards.com/websites/sites_of_the_day/?page=77
1829,X,Bh Studio,https://www.awwwards.com/sites/bh-studio,motion,Awwwards — Sites of the Day,https://www.awwwards.com/websites/sites_of_the_day/?page=77
1830,X,Tula microphones,https://www.awwwards.com/sites/tula-microphones,motion,Awwwards — Sites of the Day,https://www.awwwards.com/websites/sites_of_the_day/?page=77
1831,X,Le Studio Digital,https://www.awwwards.com/sites/le-studio-digital,motion,Awwwards — Sites of the Day,https://www.awwwards.com/websites/sites_of_the_day/?page=77
1832,X,Parsons Branding,https://www.awwwards.com/sites/parsons-branding,motion,Awwwards — Sites of the Day,https://www.awwwards.com/websites/sites_of_the_day/?page=77
1833,X,Amanda Braga,https://www.awwwards.com/sites/amanda-braga,motion,Awwwards — Sites of the Day,https://www.awwwards.com/websites/sites_of_the_day/?page=77
1834,X,Loer Architecten,https://www.awwwards.com/sites/loer-architecten,motion,Awwwards — Sites of the Day,https://www.awwwards.com/websites/sites_of_the_day/?page=77
1835,X,kern inc.,https://www.awwwards.com/sites/kern-inc,motion,Awwwards — Sites of the Day,https://www.awwwards.com/websites/sites_of_the_day/?page=77
1836,X,1917- Into the Trenches,https://www.awwwards.com/sites/1917-into-the-trenches,motion,Awwwards — Sites of the Day,https://www.awwwards.com/websites/sites_of_the_day/?page=77
1837,X,Penzgidromash,https://www.awwwards.com/sites/penzgidromash,motion,Awwwards — Sites of the Day,https://www.awwwards.com/websites/sites_of_the_day/?page=77
1838,X,Vallourec,https://www.awwwards.com/sites/vallourec,motion,Awwwards — Sites of the Day,https://www.awwwards.com/websites/sites_of_the_day/?page=78
1839,X,Alessandra Zanghi Studio,https://www.awwwards.com/sites/alessandra-zanghi-studio,motion,Awwwards — Sites of the Day,https://www.awwwards.com/websites/sites_of_the_day/?page=78
1840,X,The Year of Greta,https://www.awwwards.com/sites/the-year-of-greta,motion,Awwwards — Sites of the Day,https://www.awwwards.com/websites/sites_of_the_day/?page=78
1841,X,Nova Smart Home,https://www.awwwards.com/sites/nova-smart-home,motion,Awwwards — Sites of the Day,https://www.awwwards.com/websites/sites_of_the_day/?page=78
1842,X,DDD HOTEL,https://www.awwwards.com/sites/ddd-hotel,motion,Awwwards — Sites of the Day,https://www.awwwards.com/websites/sites_of_the_day/?page=78
1843,X,Pest Stop Boys,https://www.awwwards.com/sites/pest-stop-boys,motion,Awwwards — Sites of the Day,https://www.awwwards.com/websites/sites_of_the_day/?page=78
1844,X,Elias Akentour Portfolio,https://www.awwwards.com/sites/elias-akentour-portfolio,motion,Awwwards — Sites of the Day,https://www.awwwards.com/websites/sites_of_the_day/?page=78
1845,X,Illuminating Radioactivity,https://www.awwwards.com/sites/illuminating-radioactivity,motion,Awwwards — Sites of the Day,https://www.awwwards.com/websites/sites_of_the_day/?page=78
1846,X,Connect Homes,https://www.awwwards.com/sites/connect-homes,motion,Awwwards — Sites of the Day,https://www.awwwards.com/websites/sites_of_the_day/?page=78
1847,X,Bite Toothpaste Bits,https://www.awwwards.com/sites/bite-toothpaste-bits,motion,Awwwards — Sites of the Day,https://www.awwwards.com/websites/sites_of_the_day/?page=78
1848,X,21 Capital,https://www.awwwards.com/sites/21-capital,motion,Awwwards — Sites of the Day,https://www.awwwards.com/websites/sites_of_the_day/?page=78
1849,Y,Skyline Films,https://www.awwwards.com/sites/skyline-films,motion,Awwwards — Sites of the Day,https://www.awwwards.com/websites/sites_of_the_day/?page=78
1850,Y,davidebaratta.com,https://www.awwwards.com/sites/davidebaratta-com,motion,Awwwards — Sites of the Day,https://www.awwwards.com/websites/sites_of_the_day/?page=78
1851,Y,LEQB,https://www.awwwards.com/sites/leqb,motion,Awwwards — Sites of the Day,https://www.awwwards.com/websites/sites_of_the_day/?page=78
1852,Y,DDNA,https://www.awwwards.com/sites/ddna,motion,Awwwards — Sites of the Day,https://www.awwwards.com/websites/sites_of_the_day/?page=78
1853,Y,i-Spy,https://www.awwwards.com/sites/i-spy,motion,Awwwards — Sites of the Day,https://www.awwwards.com/websites/sites_of_the_day/?page=78
1854,Y,"Victor Work | Folio 20""",https://www.awwwards.com/sites/victor-work-20,motion,Awwwards — Sites of the Day,https://www.awwwards.com/websites/sites_of_the_day/?page=78
1855,Y,Swab The World,https://www.awwwards.com/sites/swab-the-world,motion,Awwwards — Sites of the Day,https://www.awwwards.com/websites/sites_of_the_day/?page=78
1856,Y,Erika Senft Miller,https://www.awwwards.com/sites/erika-senft-miller,motion,Awwwards — Sites of the Day,https://www.awwwards.com/websites/sites_of_the_day/?page=78
1857,Y,Statskogmillionen,https://www.awwwards.com/sites/statskogmillionen,motion,Awwwards — Sites of the Day,https://www.awwwards.com/websites/sites_of_the_day/?page=78
1858,Y,Let Girls Dream,https://www.awwwards.com/sites/let-girls-dream,motion,Awwwards — Sites of the Day,https://www.awwwards.com/websites/sites_of_the_day/?page=78
1859,Y,Mirage Festival - 8th Edition,https://www.awwwards.com/sites/mirage-festival-8th-edition,motion,Awwwards — Sites of the Day,https://www.awwwards.com/websites/sites_of_the_day/?page=78
1860,Y,We are ZIZO,https://www.awwwards.com/sites/we-are-zizo,motion,Awwwards — Sites of the Day,https://www.awwwards.com/websites/sites_of_the_day/?page=78
1861,Y,nathan.tokyo,https://www.awwwards.com/sites/nathan-tokyo,motion,Awwwards — Sites of the Day,https://www.awwwards.com/websites/sites_of_the_day/?page=78
1862,Y,Bruno Ortolland,https://www.awwwards.com/sites/bruno-ortolland,motion,Awwwards — Sites of the Day,https://www.awwwards.com/websites/sites_of_the_day/?page=78
1863,Y,The Turn of the Screw,https://www.awwwards.com/sites/the-turn-of-the-screw,motion,Awwwards — Sites of the Day,https://www.awwwards.com/websites/sites_of_the_day/?page=78
1864,Y,Melriver,https://www.awwwards.com/sites/melriver-1,motion,Awwwards — Sites of the Day,https://www.awwwards.com/websites/sites_of_the_day/?page=78
1865,Y,Fitlab,https://www.awwwards.com/sites/fitlab,motion,Awwwards — Sites of the Day,https://www.awwwards.com/websites/sites_of_the_day/?page=78
1866,Y,Portes fermées,https://www.awwwards.com/sites/portes-fermees,motion,Awwwards — Sites of the Day,https://www.awwwards.com/websites/sites_of_the_day/?page=78
1869,Y,Nightingale,https://www.awwwards.com/sites/nightingale,motion,Awwwards — Sites of the Day,https://www.awwwards.com/websites/sites_of_the_day/?page=79
1870,Y,Apple AirPods Pro,https://www.awwwards.com/sites/apple-airpods-pro,motion,Awwwards — Sites of the Day,https://www.awwwards.com/websites/sites_of_the_day/?page=79
1872,Y,RedCollar Font,https://www.awwwards.com/sites/redcollar-font,motion,Awwwards — Sites of the Day,https://www.awwwards.com/websites/sites_of_the_day/?page=79
1873,Y,The Bear and his Scarf,https://www.awwwards.com/sites/the-bear-and-his-scarf,motion,Awwwards — Sites of the Day,https://www.awwwards.com/websites/sites_of_the_day/?page=79
1874,Y,Hello Today,https://www.awwwards.com/sites/hello-today,motion,Awwwards — Sites of the Day,https://www.awwwards.com/websites/sites_of_the_day/?page=79
1876,Y,MYSTA ELECTRIC – TATTOO ARTIST,https://www.awwwards.com/sites/mysta-electric-tattoo-artist,motion,Awwwards — Sites of the Day,https://www.awwwards.com/websites/sites_of_the_day/?page=79
1877,Y,maxilla,https://www.awwwards.com/sites/maxilla-1,motion,Awwwards — Sites of the Day,https://www.awwwards.com/websites/sites_of_the_day/?page=79
1879,Y,Helias Oils,https://www.awwwards.com/sites/helias-oils,motion,Awwwards — Sites of the Day,https://www.awwwards.com/websites/sites_of_the_day/?page=79
1880,Y,Jesper Landberg,https://www.awwwards.com/sites/jesper-landberg-2,motion,Awwwards — Sites of the Day,https://www.awwwards.com/websites/sites_of_the_day/?page=79
1881,Y,Monokai: a trip through Japan,https://www.awwwards.com/sites/monokai-a-trip-through-japan,motion,Awwwards — Sites of the Day,https://www.awwwards.com/websites/sites_of_the_day/?page=79
1882,Y,Andrew Leguay Folio 2020,https://www.awwwards.com/sites/andrew-leguay-folio-2020,motion,Awwwards — Sites of the Day,https://www.awwwards.com/websites/sites_of_the_day/?page=79
1883,Y,Emotive Feels,https://www.awwwards.com/sites/emotive-feels,motion,Awwwards — Sites of the Day,https://www.awwwards.com/websites/sites_of_the_day/?page=79
1884,Y,ULTIMA GSTAAD SWITZERLAND,https://www.awwwards.com/sites/ultima-gstaad-switzerland,motion,Awwwards — Sites of the Day,https://www.awwwards.com/websites/sites_of_the_day/?page=79
1886,Y,Toonami 2019,https://www.awwwards.com/sites/toonami-2019,motion,Awwwards — Sites of the Day,https://www.awwwards.com/websites/sites_of_the_day/?page=79
1887,Y,Helixes Inc.,https://www.awwwards.com/sites/helixes-inc,motion,Awwwards — Sites of the Day,https://www.awwwards.com/websites/sites_of_the_day/?page=79
1888,Y,Obys,https://www.awwwards.com/sites/obys,motion,Awwwards — Sites of the Day,https://www.awwwards.com/websites/sites_of_the_day/?page=79
1890,Y,FPP,https://www.awwwards.com/sites/fpp,motion,Awwwards — Sites of the Day,https://www.awwwards.com/websites/sites_of_the_day/?page=79
1891,Y,MaxMara Bearing Gifts,https://www.awwwards.com/sites/maxmara-bearing-gifts,motion,Awwwards — Sites of the Day,https://www.awwwards.com/websites/sites_of_the_day/?page=79
1892,Y,Flat UI And A Half,https://www.awwwards.com/sites/flat-ui-and-a-half,motion,Awwwards — Sites of the Day,https://www.awwwards.com/websites/sites_of_the_day/?page=79
1893,Y,Furrow Studio,https://www.awwwards.com/sites/furrow-studio,motion,Awwwards — Sites of the Day,https://www.awwwards.com/websites/sites_of_the_day/?page=79
1894,Y,Portfolio of Elena Saharova,https://www.awwwards.com/sites/portfolio-of-elena-saharova,motion,Awwwards — Sites of the Day,https://www.awwwards.com/websites/sites_of_the_day/?page=79
1895,Y,Plink by Mollie,https://www.awwwards.com/sites/plink-by-mollie,motion,Awwwards — Sites of the Day,https://www.awwwards.com/websites/sites_of_the_day/?page=79
1896,Y,Weird Christmas,https://www.awwwards.com/sites/weird-christmas,motion,Awwwards — Sites of the Day,https://www.awwwards.com/websites/sites_of_the_day/?page=79
1897,Y,Longshot Features,https://www.awwwards.com/sites/longshot-features,motion,Awwwards — Sites of the Day,https://www.awwwards.com/websites/sites_of_the_day/?page=79
1898,Y,Talia,https://www.awwwards.com/sites/talia,motion,Awwwards — Sites of the Day,https://www.awwwards.com/websites/sites_of_the_day/?page=79
1899,Y,Projects of the Year,https://www.awwwards.com/sites/projects-of-the-year,motion,Awwwards — Sites of the Day,https://www.awwwards.com/websites/sites_of_the_day/?page=79
1900,Y,Niki Lauda,https://www.awwwards.com/sites/niki-lauda,motion,Awwwards — Sites of the Day,https://www.awwwards.com/websites/sites_of_the_day/?page=80
1901,Y,Manrope Font,https://www.awwwards.com/sites/manrope-font,motion,Awwwards — Sites of the Day,https://www.awwwards.com/websites/sites_of_the_day/?page=80
1902,Y,Taro Yoshimura,https://www.awwwards.com/sites/taro-yoshimura,motion,Awwwards — Sites of the Day,https://www.awwwards.com/websites/sites_of_the_day/?page=80
1903,Y,Steer the Deer,https://www.awwwards.com/sites/steer-the-deer,motion,Awwwards — Sites of the Day,https://www.awwwards.com/websites/sites_of_the_day/?page=80
1904,Y,David William Baum,https://www.awwwards.com/sites/david-william-baum,motion,Awwwards — Sites of the Day,https://www.awwwards.com/websites/sites_of_the_day/?page=80
1906,Y,Ilya Kulbachny,https://www.awwwards.com/sites/ilya-kulbachny,motion,Awwwards — Sites of the Day,https://www.awwwards.com/websites/sites_of_the_day/?page=80
1907,Y,Ultraviolet Way,https://www.awwwards.com/sites/ultraviolet-way,motion,Awwwards — Sites of the Day,https://www.awwwards.com/websites/sites_of_the_day/?page=80
1909,Y,#ZonaNorte,https://www.awwwards.com/sites/zonanorte,motion,Awwwards — Sites of the Day,https://www.awwwards.com/websites/sites_of_the_day/?page=80
1912,Y,Esperanto,https://www.awwwards.com/sites/esperanto,motion,Awwwards — Sites of the Day,https://www.awwwards.com/websites/sites_of_the_day/?page=80
1913,Y,Lasca Studio,https://www.awwwards.com/sites/lasca-studio,motion,Awwwards — Sites of the Day,https://www.awwwards.com/websites/sites_of_the_day/?page=80
1914,Y,Loop Japan,https://www.awwwards.com/sites/loop-japan,motion,Awwwards — Sites of the Day,https://www.awwwards.com/websites/sites_of_the_day/?page=80
1915,Y,Rimowa Unique,https://www.awwwards.com/sites/rimowa-unique,motion,Awwwards — Sites of the Day,https://www.awwwards.com/websites/sites_of_the_day/?page=80
1916,Y,Yuto Takahashi,https://www.awwwards.com/sites/yuto-takahashi,motion,Awwwards — Sites of the Day,https://www.awwwards.com/websites/sites_of_the_day/?page=80
1917,Y,Yaroflasher,https://www.awwwards.com/sites/yaroflasher,motion,Awwwards — Sites of the Day,https://www.awwwards.com/websites/sites_of_the_day/?page=80
1918,Y,Travelshift,https://www.awwwards.com/sites/travelshift,motion,Awwwards — Sites of the Day,https://www.awwwards.com/websites/sites_of_the_day/?page=80
1919,Y,UNLOCK YOU｜WW,https://www.awwwards.com/sites/unlock-you-ww,motion,Awwwards — Sites of the Day,https://www.awwwards.com/websites/sites_of_the_day/?page=80
1921,Y,Sacha Tourtoulou - Portfolio,https://www.awwwards.com/sites/sacha-tourtoulou-portfolio,motion,Awwwards — Sites of the Day,https://www.awwwards.com/websites/sites_of_the_day/?page=80
1922,Y,The Geek Designer,https://www.awwwards.com/sites/the-geek-designer,motion,Awwwards — Sites of the Day,https://www.awwwards.com/websites/sites_of_the_day/?page=80
1923,Y,Limnia Modular Fine Jewelry,https://www.awwwards.com/sites/limnia-modular-fine-jewelry,motion,Awwwards — Sites of the Day,https://www.awwwards.com/websites/sites_of_the_day/?page=80
1924,Y,The Urban Village Project,https://www.awwwards.com/sites/the-urban-village-project,motion,Awwwards — Sites of the Day,https://www.awwwards.com/websites/sites_of_the_day/?page=80
1925,Z,Fabio Carretti - Portfolio,https://www.awwwards.com/sites/fabio-carretti-portfolio,motion,Awwwards — Sites of the Day,https://www.awwwards.com/websites/sites_of_the_day/?page=80
1926,Z,Trip in the dark,https://www.awwwards.com/sites/trip-in-the-dark,motion,Awwwards — Sites of the Day,https://www.awwwards.com/websites/sites_of_the_day/?page=80
1927,Z,The St. Regis Venice Hotel,https://www.awwwards.com/sites/the-st-regis-venice-hotel,motion,Awwwards — Sites of the Day,https://www.awwwards.com/websites/sites_of_the_day/?page=80
1928,Z,Trevor Blount Pilates,https://www.awwwards.com/sites/trevor-blount-pilates,motion,Awwwards — Sites of the Day,https://www.awwwards.com/websites/sites_of_the_day/?page=80
1929,Z,AKARU,https://www.awwwards.com/sites/akaru-studio,motion,Awwwards — Sites of the Day,https://www.awwwards.com/websites/sites_of_the_day/?page=80
1930,Z,SOS Violence Conjugale,https://www.awwwards.com/sites/sos-violence-conjugale,motion,Awwwards — Sites of the Day,https://www.awwwards.com/websites/sites_of_the_day/?page=80
1931,Z,Boundary Supply,https://www.awwwards.com/sites/boundary-supply,motion,Awwwards — Sites of the Day,https://www.awwwards.com/websites/sites_of_the_day/?page=81
1932,Z,Reform Collective,https://www.awwwards.com/sites/reform-collective-1,motion,Awwwards — Sites of the Day,https://www.awwwards.com/websites/sites_of_the_day/?page=81
1933,Z,Bruno Arizio – Portfolio,https://www.awwwards.com/sites/bruno-arizio-portfolio,motion,Awwwards — Sites of the Day,https://www.awwwards.com/websites/sites_of_the_day/?page=81
1934,Z,Born & Bred,https://www.awwwards.com/sites/born-bred,motion,Awwwards — Sites of the Day,https://www.awwwards.com/websites/sites_of_the_day/?page=81
1935,Z,Google Pixel 4,https://www.awwwards.com/sites/google-pixel-4,motion,Awwwards — Sites of the Day,https://www.awwwards.com/websites/sites_of_the_day/?page=81
1936,Z,L'occitane: Seeds of dreams,https://www.awwwards.com/sites/loccitane-seeds-of-dreams,motion,Awwwards — Sites of the Day,https://www.awwwards.com/websites/sites_of_the_day/?page=81
1937,Z,PREVINT,https://www.awwwards.com/sites/prevint,motion,Awwwards — Sites of the Day,https://www.awwwards.com/websites/sites_of_the_day/?page=81
1938,Z,Northand,https://www.awwwards.com/sites/northand,motion,Awwwards — Sites of the Day,https://www.awwwards.com/websites/sites_of_the_day/?page=81
1939,Z,Noiz!,https://www.awwwards.com/sites/noiz,motion,Awwwards — Sites of the Day,https://www.awwwards.com/websites/sites_of_the_day/?page=81
1940,Z,Daphné Launay - Portfolio,https://www.awwwards.com/sites/daphne-launay-portfolio,motion,Awwwards — Sites of the Day,https://www.awwwards.com/websites/sites_of_the_day/?page=81
1942,Z,Fishing the Feed,https://www.awwwards.com/sites/fishing-the-feed,motion,Awwwards — Sites of the Day,https://www.awwwards.com/websites/sites_of_the_day/?page=81
1943,Z,Beauvoir,https://www.awwwards.com/sites/beauvoir,motion,Awwwards — Sites of the Day,https://www.awwwards.com/websites/sites_of_the_day/?page=81
1944,Z,ITG,https://www.awwwards.com/sites/itg,motion,Awwwards — Sites of the Day,https://www.awwwards.com/websites/sites_of_the_day/?page=81
1945,Z,elium studio,https://www.awwwards.com/sites/elium-studio,motion,Awwwards — Sites of the Day,https://www.awwwards.com/websites/sites_of_the_day/?page=81
1947,Z,Bruno Simon Portfolio,https://www.awwwards.com/sites/bruno-simon-portfolio,motion,Awwwards — Sites of the Day,https://www.awwwards.com/websites/sites_of_the_day/?page=81
1948,Z,Castor & Pollux,https://www.awwwards.com/sites/castor-pollux-1,motion,Awwwards — Sites of the Day,https://www.awwwards.com/websites/sites_of_the_day/?page=81
1951,Z,Misato town,https://www.awwwards.com/sites/misato-town,motion,Awwwards — Sites of the Day,https://www.awwwards.com/websites/sites_of_the_day/?page=81
1953,Z,wecargo,https://www.awwwards.com/sites/wecargo,motion,Awwwards — Sites of the Day,https://www.awwwards.com/websites/sites_of_the_day/?page=81
1954,Z,Binaryblocks.io,https://www.awwwards.com/sites/binaryblocks-io,motion,Awwwards — Sites of the Day,https://www.awwwards.com/websites/sites_of_the_day/?page=81
1955,Z,GaVKaG,https://www.awwwards.com/sites/gavkag,motion,Awwwards — Sites of the Day,https://www.awwwards.com/websites/sites_of_the_day/?page=81
1956,Z,Digital Design Days Festival,https://www.awwwards.com/sites/digital-design-days-festival,motion,Awwwards — Sites of the Day,https://www.awwwards.com/websites/sites_of_the_day/?page=81
1957,Z,Knives Out Official Movie Site,https://www.awwwards.com/sites/knives-out-official-movie-site,motion,Awwwards — Sites of the Day,https://www.awwwards.com/websites/sites_of_the_day/?page=81
1958,Z,Spatzek Studio,https://www.awwwards.com/sites/spatzek-studio,motion,Awwwards — Sites of the Day,https://www.awwwards.com/websites/sites_of_the_day/?page=81
1959,Z,Interaction Design Lab Bern 19,https://www.awwwards.com/sites/interaction-design-lab-bern-19,motion,Awwwards — Sites of the Day,https://www.awwwards.com/websites/sites_of_the_day/?page=81
1960,Z,Soletanche Bachy experience,https://www.awwwards.com/sites/soletanche-bachy-experience,motion,Awwwards — Sites of the Day,https://www.awwwards.com/websites/sites_of_the_day/?page=81
1961,Z,Editorial New,https://www.awwwards.com/sites/editorial-new,motion,Awwwards — Sites of the Day,https://www.awwwards.com/websites/sites_of_the_day/?page=81
1962,Z,Minimal Wim,https://www.awwwards.com/sites/minimal-wim,motion,Awwwards — Sites of the Day,https://www.awwwards.com/websites/sites_of_the_day/?page=82
1963,Z,8 Design Trends by Red Collar,https://www.awwwards.com/sites/8-design-trends-by-red-collar,motion,Awwwards — Sites of the Day,https://www.awwwards.com/websites/sites_of_the_day/?page=82
1964,Z,Google Pixel Buds,https://www.awwwards.com/sites/google-pixel-buds-launch-page,motion,Awwwards — Sites of the Day,https://www.awwwards.com/websites/sites_of_the_day/?page=82
1965,Z,WebVR site for The White Tower,https://www.awwwards.com/sites/webvr-site-for-the-white-tower,motion,Awwwards — Sites of the Day,https://www.awwwards.com/websites/sites_of_the_day/?page=82
1966,Z,Composition 24,https://www.awwwards.com/sites/composition-24,motion,Awwwards — Sites of the Day,https://www.awwwards.com/websites/sites_of_the_day/?page=82
1967,Z,The New Company,https://www.awwwards.com/sites/the-new-company,motion,Awwwards — Sites of the Day,https://www.awwwards.com/websites/sites_of_the_day/?page=82
1968,Z,Laguta & Laguta,https://www.awwwards.com/sites/laguta-laguta,motion,Awwwards — Sites of the Day,https://www.awwwards.com/websites/sites_of_the_day/?page=82
1969,Z,Karel Komárek Family Fdn.,https://www.awwwards.com/sites/karel-komarek-family-fdn,motion,Awwwards — Sites of the Day,https://www.awwwards.com/websites/sites_of_the_day/?page=82
1970,Z,Nowy Teatr,https://www.awwwards.com/sites/nowy-teatr-site,motion,Awwwards — Sites of the Day,https://www.awwwards.com/websites/sites_of_the_day/?page=82
1971,Z,Discovery Land Company,https://www.awwwards.com/sites/discovery-land-company,motion,Awwwards — Sites of the Day,https://www.awwwards.com/websites/sites_of_the_day/?page=82
1972,Z,Wickret,https://www.awwwards.com/sites/wickret,motion,Awwwards — Sites of the Day,https://www.awwwards.com/websites/sites_of_the_day/?page=82
1973,Z,Meet your new Twitch,https://www.awwwards.com/sites/meet-your-new-twitch,motion,Awwwards — Sites of the Day,https://www.awwwards.com/websites/sites_of_the_day/?page=82
1974,Z,Lafaurie Paris,https://www.awwwards.com/sites/lafaurie-paris,motion,Awwwards — Sites of the Day,https://www.awwwards.com/websites/sites_of_the_day/?page=82
1975,Z,Cobo,https://www.awwwards.com/sites/cobo,motion,Awwwards — Sites of the Day,https://www.awwwards.com/websites/sites_of_the_day/?page=82
1976,Z,"Waka Waka, Collection N01",https://www.awwwards.com/sites/waka-waka-collection-n01,motion,Awwwards — Sites of the Day,https://www.awwwards.com/websites/sites_of_the_day/?page=82
1977,Z,District2 Studio,https://www.awwwards.com/sites/district2-studio,motion,Awwwards — Sites of the Day,https://www.awwwards.com/websites/sites_of_the_day/?page=82
1978,Z,Rogue Studio,https://www.awwwards.com/sites/rogue-studio,motion,Awwwards — Sites of the Day,https://www.awwwards.com/websites/sites_of_the_day/?page=82
1979,Z,Marie Weber,https://www.awwwards.com/sites/marie-weber,motion,Awwwards — Sites of the Day,https://www.awwwards.com/websites/sites_of_the_day/?page=82
1981,Z,Wonderful Weekends,https://www.awwwards.com/sites/wonderful-weekends,motion,Awwwards — Sites of the Day,https://www.awwwards.com/websites/sites_of_the_day/?page=82
1982,Z,Hello Monday,https://www.awwwards.com/sites/hello-monday,motion,Awwwards — Sites of the Day,https://www.awwwards.com/websites/sites_of_the_day/?page=82
1983,Z,FILA Explore,https://www.awwwards.com/sites/fila-explore,motion,Awwwards — Sites of the Day,https://www.awwwards.com/websites/sites_of_the_day/?page=82
1984,Z,Jesus Is King,https://www.awwwards.com/sites/jesus-is-king,motion,Awwwards — Sites of the Day,https://www.awwwards.com/websites/sites_of_the_day/?page=82
1985,Z,eDesign Interactive,https://www.awwwards.com/sites/edesign-interactive,motion,Awwwards — Sites of the Day,https://www.awwwards.com/websites/sites_of_the_day/?page=82
1986,Z,Guide to Polish design,https://www.awwwards.com/sites/guide-to-polish-design,motion,Awwwards — Sites of the Day,https://www.awwwards.com/websites/sites_of_the_day/?page=82
1987,Z,2nd STREET USA,https://www.awwwards.com/sites/2nd-street-usa,motion,Awwwards — Sites of the Day,https://www.awwwards.com/websites/sites_of_the_day/?page=82
1988,Z,Zhenya Rynzhuk Folio 2019,https://www.awwwards.com/sites/zhenya-rynzhuk-folio-2019,motion,Awwwards — Sites of the Day,https://www.awwwards.com/websites/sites_of_the_day/?page=82
1989,Z,#24hourace,https://www.awwwards.com/sites/24hourace,motion,Awwwards — Sites of the Day,https://www.awwwards.com/websites/sites_of_the_day/?page=82
1990,Z,Active Theory v5,https://www.awwwards.com/sites/active-theory-v5,motion,Awwwards — Sites of the Day,https://www.awwwards.com/websites/sites_of_the_day/?page=82
1991,Z,Bravoure,https://www.awwwards.com/sites/digital-design-agency-bravoure,motion,Awwwards — Sites of the Day,https://www.awwwards.com/websites/sites_of_the_day/?page=82
1992,Z,Two Robbers,https://www.awwwards.com/sites/two-robbers,motion,Awwwards — Sites of the Day,https://www.awwwards.com/websites/sites_of_the_day/?page=82
1993,Z,Déplacé Maison,https://www.awwwards.com/sites/deplace-maison,motion,Awwwards — Sites of the Day,https://www.awwwards.com/websites/sites_of_the_day/?page=83
1994,Z,Peter Lindbergh,https://www.awwwards.com/sites/peter-linbergh,motion,Awwwards — Sites of the Day,https://www.awwwards.com/websites/sites_of_the_day/?page=83
1995,Z,Millemann Wines,https://www.awwwards.com/sites/millemann-wines,motion,Awwwards — Sites of the Day,https://www.awwwards.com/websites/sites_of_the_day/?page=83
1996,Z,Plenaire,https://www.awwwards.com/sites/plenaire,motion,Awwwards — Sites of the Day,https://www.awwwards.com/websites/sites_of_the_day/?page=83
1997,Z,BBC: Real Happiness Project,https://www.awwwards.com/sites/bbc-real-happiness-project,motion,Awwwards — Sites of the Day,https://www.awwwards.com/websites/sites_of_the_day/?page=83
1998,Z,Nikolas Type,https://www.awwwards.com/sites/nikolas-type,motion,Awwwards — Sites of the Day,https://www.awwwards.com/websites/sites_of_the_day/?page=83
1999,Z,Bon Iver Viisualiizer,https://www.awwwards.com/sites/bon-iver-visualizer,motion,Awwwards — Sites of the Day,https://www.awwwards.com/websites/sites_of_the_day/?page=83
2000,Z,Design Embraced,https://www.awwwards.com/sites/design-embraced-portfolio,motion,Awwwards — Sites of the Day,https://www.awwwards.com/websites/sites_of_the_day/?page=83
