priority,rank,name,url,focus,feature,evidence,source,source_page
1002,N,basement studio,https://www.awwwards.com/sites/basement-studio-1,motion,背景演出候補,3D / Three.js,Awwwards — Sites of the Day,https://www.awwwards.com/websites/sites_of_the_day/?page=51
1006,N,Marble,https://www.awwwards.com/sites/marble-3,motion,背景演出候補,Big Background Images,Awwwards — Sites of the Day,https://www.awwwards.com/websites/sites_of_the_day/?page=51
1007,N,POLA: Mother's Day,https://www.awwwards.com/sites/pola-mothers-day,motion,背景演出候補,Three.js / WebGL,Awwwards — Sites of the Day,https://www.awwwards.com/websites/sites_of_the_day/?page=51
1008,N,Zulu Longines,https://www.awwwards.com/sites/zulu-longines,motion,背景演出候補,3D / WebGL,Awwwards — Sites of the Day,https://www.awwwards.com/websites/sites_of_the_day/?page=51
1012,N,The Cube,https://www.awwwards.com/sites/the-cube,motion,背景演出候補,3D / WebGL,Awwwards — Sites of the Day,https://www.awwwards.com/websites/sites_of_the_day/?page=51
1013,N,Museum of Sharaf Rashidov,https://www.awwwards.com/sites/museum-of-sharaf-rashidov,motion,背景演出候補,3D / Three.js,Awwwards — Sites of the Day,https://www.awwwards.com/websites/sites_of_the_day/?page=51
1015,N,The Other Side of Truth,https://www.awwwards.com/sites/the-other-side-of-truth,motion,背景演出候補,WebGL,Awwwards — Sites of the Day,https://www.awwwards.com/websites/sites_of_the_day/?page=51
1016,N,Persepolis Reimagined,https://www.awwwards.com/sites/persepolis-reimagined,motion,背景演出候補,3D / WebGL,Awwwards — Sites of the Day,https://www.awwwards.com/websites/sites_of_the_day/?page=51
1017,N,Haven Studios,https://www.awwwards.com/sites/haven-studios,motion,背景演出候補,Big Background Images / Three.js,Awwwards — Sites of the Day,https://www.awwwards.com/websites/sites_of_the_day/?page=51
1019,N,TAG Heuer Connected Calibre E4,https://www.awwwards.com/sites/tag-heuer-connected-calibre-e4,motion,背景演出候補,3D,Awwwards — Sites of the Day,https://www.awwwards.com/websites/sites_of_the_day/?page=51
1020,N,Cyd Stumpel — Portfolio 2022,https://www.awwwards.com/sites/cyd-stumpel-portfolio-2022,motion,背景演出候補,GLSL / Three.js,Awwwards — Sites of the Day,https://www.awwwards.com/websites/sites_of_the_day/?page=51
1022,N,Vendredi Society,https://www.awwwards.com/sites/vendredi-society,motion,背景演出候補,3D,Awwwards — Sites of the Day,https://www.awwwards.com/websites/sites_of_the_day/?page=51
1023,N,ZiKD SPACE,https://www.awwwards.com/sites/zikd-space,motion,背景演出候補,3D / GLSL / Three.js / WebGL,Awwwards — Sites of the Day,https://www.awwwards.com/websites/sites_of_the_day/?page=51
1024,N,Rugby Man,https://www.awwwards.com/sites/rugby-man,motion,背景演出候補,Three.js / WebGL,Awwwards — Sites of the Day,https://www.awwwards.com/websites/sites_of_the_day/?page=51
1025,N,Exo Ape,https://www.awwwards.com/sites/exo-ape,motion,背景演出候補,Big Background Images,Awwwards — Sites of the Day,https://www.awwwards.com/websites/sites_of_the_day/?page=51
1026,N,Peter Tarka,https://www.awwwards.com/sites/peter-tarka,motion,背景演出候補,3D,Awwwards — Sites of the Day,https://www.awwwards.com/websites/sites_of_the_day/?page=51
1029,N,Webflow Redis Agency,https://www.awwwards.com/sites/webflow-redis-agency,motion,背景演出候補,3D / Three.js,Awwwards — Sites of the Day,https://www.awwwards.com/websites/sites_of_the_day/?page=51
1031,N,Erin Wesley,https://www.awwwards.com/sites/erin-wesley,motion,背景演出候補,Three.js / WebGL,Awwwards — Sites of the Day,https://www.awwwards.com/websites/sites_of_the_day/?page=51
1032,N,Radioactive Crocs Club,https://www.awwwards.com/sites/radioactive-crocs-club,motion,背景演出候補,3D,Awwwards — Sites of the Day,https://www.awwwards.com/websites/sites_of_the_day/?page=52
1035,N,Picsart - Unboring Boring,https://www.awwwards.com/sites/picsart-unboring-boring,motion,背景演出候補,WebGL,Awwwards — Sites of the Day,https://www.awwwards.com/websites/sites_of_the_day/?page=52
1036,N,Kirschberg,https://www.awwwards.com/sites/kirschberg-2,motion,背景演出候補,WebGL,Awwwards — Sites of the Day,https://www.awwwards.com/websites/sites_of_the_day/?page=52
1038,N,Wyre,https://www.awwwards.com/sites/wyre,motion,背景演出候補,3D,Awwwards — Sites of the Day,https://www.awwwards.com/websites/sites_of_the_day/?page=52
1039,N,Infinite Passerella,https://www.awwwards.com/sites/infinite-passerella,motion,背景演出候補,3D / Three.js / WebGL,Awwwards — Sites of the Day,https://www.awwwards.com/websites/sites_of_the_day/?page=52
1042,N,Ion X1,https://www.awwwards.com/sites/ion-x1,motion,背景演出候補,3D / Three.js / WebGL,Awwwards — Sites of the Day,https://www.awwwards.com/websites/sites_of_the_day/?page=52
1043,N,QUERDENKEN EVERYTHING,https://www.awwwards.com/sites/querdenken-everything,motion,背景演出候補,Three.js / WebGL,Awwwards — Sites of the Day,https://www.awwwards.com/websites/sites_of_the_day/?page=52
1044,N,The Empathy Experiment,https://www.awwwards.com/sites/the-empathy-experiment,motion,背景演出候補,Three.js / WebGL,Awwwards — Sites of the Day,https://www.awwwards.com/websites/sites_of_the_day/?page=52
1045,N,Tenzr,https://www.awwwards.com/sites/tenzr,motion,背景演出候補,3D,Awwwards — Sites of the Day,https://www.awwwards.com/websites/sites_of_the_day/?page=52
1046,N,Dumpling Delivery by Mailchimp,https://www.awwwards.com/sites/dumpling-delivery-by-mailchimp,motion,背景演出候補,3D / WebGL,Awwwards — Sites of the Day,https://www.awwwards.com/websites/sites_of_the_day/?page=52
1048,N,Jacques Marie Mage,https://www.awwwards.com/sites/jacques-marie-mage,motion,背景演出候補,WebGL,Awwwards — Sites of the Day,https://www.awwwards.com/websites/sites_of_the_day/?page=52
1049,N,Zendetta - A story from Syria,https://www.awwwards.com/sites/zendetta-a-story-from-syria,motion,背景演出候補,WebGL,Awwwards — Sites of the Day,https://www.awwwards.com/websites/sites_of_the_day/?page=52
1050,N,Dr.Dabber Experience,https://www.awwwards.com/sites/dr-dabber-experience,motion,背景演出候補,3D / Three.js,Awwwards — Sites of the Day,https://www.awwwards.com/websites/sites_of_the_day/?page=52
1051,N,HAPE,https://www.awwwards.com/sites/hape,motion,背景演出候補,3D,Awwwards — Sites of the Day,https://www.awwwards.com/websites/sites_of_the_day/?page=52
1052,N,Victor Work,https://www.awwwards.com/sites/victor-work,motion,背景演出候補,WebGL,Awwwards — Sites of the Day,https://www.awwwards.com/websites/sites_of_the_day/?page=52
1053,N,TRUE,https://www.awwwards.com/sites/true-1,motion,背景演出候補,3D / Three.js,Awwwards — Sites of the Day,https://www.awwwards.com/websites/sites_of_the_day/?page=52
1056,N,Murray Art Museum Albury,https://www.awwwards.com/sites/murray-art-museum-albury,motion,背景演出候補,Big Background Images,Awwwards — Sites of the Day,https://www.awwwards.com/websites/sites_of_the_day/?page=52
1057,N,Plasticbionic,https://www.awwwards.com/sites/plasticbionic,motion,背景演出候補,3D,Awwwards — Sites of the Day,https://www.awwwards.com/websites/sites_of_the_day/?page=52
1058,N,Richard Ekwonye - Portfolio,https://www.awwwards.com/sites/richard-ekwonye-portfolio,motion,背景演出候補,Three.js / WebGL,Awwwards — Sites of the Day,https://www.awwwards.com/websites/sites_of_the_day/?page=52
1060,N,MOHEIM,https://www.awwwards.com/sites/moheim,motion,背景演出候補,GLSL / Three.js,Awwwards — Sites of the Day,https://www.awwwards.com/websites/sites_of_the_day/?page=52
1062,N,Uplinq,https://www.awwwards.com/sites/uplinq,motion,背景演出候補,3D / Three.js,Awwwards — Sites of the Day,https://www.awwwards.com/websites/sites_of_the_day/?page=52
1063,N,Guillaume Tomasi,https://www.awwwards.com/sites/guillaume-tomasi-2,motion,背景演出候補,GLSL / Three.js / WebGL,Awwwards — Sites of the Day,https://www.awwwards.com/websites/sites_of_the_day/?page=53
1065,N,Welcome to the House of Gucci,https://www.awwwards.com/sites/welcome-to-the-house-of-gucci,motion,背景演出候補,WebGL,Awwwards — Sites of the Day,https://www.awwwards.com/websites/sites_of_the_day/?page=53
1068,N,Jantana Hennard — Portfolio,https://www.awwwards.com/sites/jantana-hennard-portfolio,motion,背景演出候補,3D / Three.js / WebGL,Awwwards — Sites of the Day,https://www.awwwards.com/websites/sites_of_the_day/?page=53
1070,N,Howdy Design Family,https://www.awwwards.com/sites/howdy-design-family,motion,背景演出候補,GLSL / WebGL,Awwwards — Sites of the Day,https://www.awwwards.com/websites/sites_of_the_day/?page=53
1072,N,Frantoio Cavalli,https://www.awwwards.com/sites/frantoio-cavalli,motion,背景演出候補,3D / Big Background Images,Awwwards — Sites of the Day,https://www.awwwards.com/websites/sites_of_the_day/?page=53
1073,N,Study Hall Design Studio,https://www.awwwards.com/sites/study-hall-design-studio,motion,背景演出候補,3D,Awwwards — Sites of the Day,https://www.awwwards.com/websites/sites_of_the_day/?page=53
1076,N,Likely Story 2022,https://www.awwwards.com/sites/likely-story-2022,motion,背景演出候補,3D,Awwwards — Sites of the Day,https://www.awwwards.com/websites/sites_of_the_day/?page=53
1077,N,Robin Payot - Portfolio 2022,https://www.awwwards.com/sites/robin-payot-portfolio-2022,motion,背景演出候補,3D / Three.js / WebGL,Awwwards — Sites of the Day,https://www.awwwards.com/websites/sites_of_the_day/?page=53
1078,N,Potion,https://www.awwwards.com/sites/potion,motion,背景演出候補,3D,Awwwards — Sites of the Day,https://www.awwwards.com/websites/sites_of_the_day/?page=53
1080,O,YETI,https://www.awwwards.com/sites/yeti,motion,背景演出候補,WebGL,Awwwards — Sites of the Day,https://www.awwwards.com/websites/sites_of_the_day/?page=53
1082,O,Studio 9P,https://www.awwwards.com/sites/studio-9p,motion,背景演出候補,Three.js,Awwwards — Sites of the Day,https://www.awwwards.com/websites/sites_of_the_day/?page=53
1084,O,Om Swami,https://www.awwwards.com/sites/om-swami,motion,背景演出候補,WebGL,Awwwards — Sites of the Day,https://www.awwwards.com/websites/sites_of_the_day/?page=53
1085,O,Sougen,https://www.awwwards.com/sites/sougen,motion,背景演出候補,3D / Three.js / WebGL,Awwwards — Sites of the Day,https://www.awwwards.com/websites/sites_of_the_day/?page=53
1086,O,Welcome To The Continent,https://www.awwwards.com/sites/welcome-to-the-continent,motion,背景演出候補,WebGL,Awwwards — Sites of the Day,https://www.awwwards.com/websites/sites_of_the_day/?page=53
1088,O,demophorius,https://www.awwwards.com/sites/demophorius,motion,背景演出候補,WebGL,Awwwards — Sites of the Day,https://www.awwwards.com/websites/sites_of_the_day/?page=53
1090,O,EmCell,https://www.awwwards.com/sites/emcell,motion,背景演出候補,Three.js,Awwwards — Sites of the Day,https://www.awwwards.com/websites/sites_of_the_day/?page=53
1092,O,MILL3,https://www.awwwards.com/sites/mill3,motion,背景演出候補,Big Background Images,Awwwards — Sites of the Day,https://www.awwwards.com/websites/sites_of_the_day/?page=53
1093,O,MicroWaver 59™,https://www.awwwards.com/sites/microwaver-59tm,motion,背景演出候補,3D / GLSL / WebGL,Awwwards — Sites of the Day,https://www.awwwards.com/websites/sites_of_the_day/?page=53
1094,O,Moooi - Defy Gravity,https://www.awwwards.com/sites/moooi-defy-gravity,motion,背景演出候補,GLSL / WebGL,Awwwards — Sites of the Day,https://www.awwwards.com/websites/sites_of_the_day/?page=54
1096,O,THOUGHTLAB,https://www.awwwards.com/sites/thoughtlab,motion,背景演出候補,WebGL,Awwwards — Sites of the Day,https://www.awwwards.com/websites/sites_of_the_day/?page=54
1097,O,The Race - Interparfums,https://www.awwwards.com/sites/the-race-interparfums,motion,背景演出候補,Three.js,Awwwards — Sites of the Day,https://www.awwwards.com/websites/sites_of_the_day/?page=54
1099,O,Garden Eight,https://www.awwwards.com/sites/garden-eight,motion,背景演出候補,3D / GLSL / Three.js,Awwwards — Sites of the Day,https://www.awwwards.com/websites/sites_of_the_day/?page=54
1100,O,Filippo Bello,https://www.awwwards.com/sites/filippo-bello-1,motion,背景演出候補,WebGL,Awwwards — Sites of the Day,https://www.awwwards.com/websites/sites_of_the_day/?page=54
1102,O,e-Money,https://www.awwwards.com/sites/e-money,motion,背景演出候補,3D / Big Background Images / GLSL,Awwwards — Sites of the Day,https://www.awwwards.com/websites/sites_of_the_day/?page=54
1103,O,Wanderful Chalet,https://www.awwwards.com/sites/wanderful-chalet,motion,背景演出候補,Big Background Images,Awwwards — Sites of the Day,https://www.awwwards.com/websites/sites_of_the_day/?page=54
1105,O,"365, A Year of Cartier",https://www.awwwards.com/sites/365-a-year-of-cartier,motion,背景演出候補,GLSL / Three.js / WebGL,Awwwards — Sites of the Day,https://www.awwwards.com/websites/sites_of_the_day/?page=54
1106,O,Opportunities for Our Avatars,https://www.awwwards.com/sites/opportunities-for-our-avatars,motion,背景演出候補,WebGL,Awwwards — Sites of the Day,https://www.awwwards.com/websites/sites_of_the_day/?page=54
1107,O,Cowboy Bikes U.S. teaser,https://www.awwwards.com/sites/cowboy-bikes-u-s-teaser,motion,背景演出候補,Big Background Images,Awwwards — Sites of the Day,https://www.awwwards.com/websites/sites_of_the_day/?page=54
1109,O,Engineered Floors,https://www.awwwards.com/sites/engineered-floors,motion,背景演出候補,3D,Awwwards — Sites of the Day,https://www.awwwards.com/websites/sites_of_the_day/?page=54
1111,O,Silvia Sguotti,https://www.awwwards.com/sites/silvia-sguotti,motion,背景演出候補,GLSL / Three.js / WebGL,Awwwards — Sites of the Day,https://www.awwwards.com/websites/sites_of_the_day/?page=54
1112,O,Neondoor,https://www.awwwards.com/sites/neondoor,motion,背景演出候補,3D / WebGL,Awwwards — Sites of the Day,https://www.awwwards.com/websites/sites_of_the_day/?page=54
1115,O,Nike PLAYlab,https://www.awwwards.com/sites/nike-playlab,motion,背景演出候補,WebGL,Awwwards — Sites of the Day,https://www.awwwards.com/websites/sites_of_the_day/?page=54
1116,O,Made to Be Found,https://www.awwwards.com/sites/made-to-be-found,motion,背景演出候補,3D / WebGL,Awwwards — Sites of the Day,https://www.awwwards.com/websites/sites_of_the_day/?page=54
1122,O,Argor-Heraeus,https://www.awwwards.com/sites/argor-heraeus,motion,背景演出候補,3D / WebGL,Awwwards — Sites of the Day,https://www.awwwards.com/websites/sites_of_the_day/?page=54
1127,O,Magical Reflections,https://www.awwwards.com/sites/magical-reflections,motion,背景演出候補,3D / WebGL,Awwwards — Sites of the Day,https://www.awwwards.com/websites/sites_of_the_day/?page=55
1131,O,ALTS Digital,https://www.awwwards.com/sites/alts-digital,motion,背景演出候補,WebGL,Awwwards — Sites of the Day,https://www.awwwards.com/websites/sites_of_the_day/?page=55
1132,O,The Game Awards Microverse,https://www.awwwards.com/sites/the-game-awards-microverse,motion,背景演出候補,WebGL,Awwwards — Sites of the Day,https://www.awwwards.com/websites/sites_of_the_day/?page=55
1136,O,monopo saigon,https://www.awwwards.com/sites/monopo-saigon,motion,背景演出候補,3D / WebGL,Awwwards — Sites of the Day,https://www.awwwards.com/websites/sites_of_the_day/?page=55
1137,O,Health By Habit,https://www.awwwards.com/sites/health-by-habit,motion,背景演出候補,Big Background Images,Awwwards — Sites of the Day,https://www.awwwards.com/websites/sites_of_the_day/?page=55
1138,O,PHOTON Experience,https://www.awwwards.com/sites/photon-experience,motion,背景演出候補,3D / Three.js / WebGL,Awwwards — Sites of the Day,https://www.awwwards.com/websites/sites_of_the_day/?page=55
1140,O,Plus X digital showroom,https://www.awwwards.com/sites/plus-x-digital-showroom,motion,背景演出候補,3D / Three.js,Awwwards — Sites of the Day,https://www.awwwards.com/websites/sites_of_the_day/?page=55
1141,O,Chirpley,https://www.awwwards.com/sites/chirpley,motion,背景演出候補,3D,Awwwards — Sites of the Day,https://www.awwwards.com/websites/sites_of_the_day/?page=55
1143,O,Ideas Report 2021,https://www.awwwards.com/sites/ideas-report-2021,motion,背景演出候補,WebGL,Awwwards — Sites of the Day,https://www.awwwards.com/websites/sites_of_the_day/?page=55
1152,O,Broadwick Live,https://www.awwwards.com/sites/broadwick-live,motion,背景演出候補,Big Background Images,Awwwards — Sites of the Day,https://www.awwwards.com/websites/sites_of_the_day/?page=55
1156,P,ListAcross,https://www.awwwards.com/sites/listacross,motion,背景演出候補,3D,Awwwards — Sites of the Day,https://www.awwwards.com/websites/sites_of_the_day/?page=56
1157,P,The Unconventional Gallery,https://www.awwwards.com/sites/the-unconventional-gallery,motion,背景演出候補,WebGL,Awwwards — Sites of the Day,https://www.awwwards.com/websites/sites_of_the_day/?page=56
1158,P,The Swell Gallery by Ripple,https://www.awwwards.com/sites/the-swell-gallery-by-ripple,motion,背景演出候補,3D / Three.js,Awwwards — Sites of the Day,https://www.awwwards.com/websites/sites_of_the_day/?page=56
1159,P,Henri Heymans 2021 Portfolio,https://www.awwwards.com/sites/henri-heymans-2021-portfolio,motion,背景演出候補,GLSL / WebGL,Awwwards — Sites of the Day,https://www.awwwards.com/websites/sites_of_the_day/?page=56
1160,P,BlueYard,https://www.awwwards.com/sites/blueyard,motion,背景演出候補,3D / Three.js / WebGL,Awwwards — Sites of the Day,https://www.awwwards.com/websites/sites_of_the_day/?page=56
1166,P,Virtual Expo Dubai 2020,https://www.awwwards.com/sites/virtual-expo-dubai-2020,motion,背景演出候補,3D / Three.js,Awwwards — Sites of the Day,https://www.awwwards.com/websites/sites_of_the_day/?page=56
1168,P,Elespacio,https://www.awwwards.com/sites/elespacio-2,brand,背景演出候補,Big Background Images,Awwwards — Sites of the Day,https://www.awwwards.com/websites/sites_of_the_day/?page=56
1171,P,20 Years of Xbox Museum,https://www.awwwards.com/sites/20-years-of-xbox-museum,motion,背景演出候補,WebGL,Awwwards — Sites of the Day,https://www.awwwards.com/websites/sites_of_the_day/?page=56
1172,P,The Future in Mind,https://www.awwwards.com/sites/the-future-in-mind,motion,背景演出候補,3D / Three.js / WebGL,Awwwards — Sites of the Day,https://www.awwwards.com/websites/sites_of_the_day/?page=56
1174,P,Dala,https://www.awwwards.com/sites/dala,motion,背景演出候補,3D / WebGL,Awwwards — Sites of the Day,https://www.awwwards.com/websites/sites_of_the_day/?page=56
1175,P,Flowers for Society,https://www.awwwards.com/sites/flowers-for-society,motion,背景演出候補,3D / Three.js / WebGL,Awwwards — Sites of the Day,https://www.awwwards.com/websites/sites_of_the_day/?page=56
1177,P,De Bijenkorf magical forest,https://www.awwwards.com/sites/de-bijenkorf-magical-forest,motion,背景演出候補,3D / WebGL,Awwwards — Sites of the Day,https://www.awwwards.com/websites/sites_of_the_day/?page=56
1178,P,A Promise Broken,https://www.awwwards.com/sites/a-promise-broken,motion,背景演出候補,WebGL,Awwwards — Sites of the Day,https://www.awwwards.com/websites/sites_of_the_day/?page=56
1179,P,New World Map,https://www.awwwards.com/sites/new-world-map-1,motion,背景演出候補,WebGL,Awwwards — Sites of the Day,https://www.awwwards.com/websites/sites_of_the_day/?page=56
1180,P,Dola,https://www.awwwards.com/sites/dola,motion,背景演出候補,3D / WebGL,Awwwards — Sites of the Day,https://www.awwwards.com/websites/sites_of_the_day/?page=56
1182,P,Gemini,https://www.awwwards.com/sites/gemini,motion,背景演出候補,3D / GLSL / Three.js / WebGL,Awwwards — Sites of the Day,https://www.awwwards.com/websites/sites_of_the_day/?page=56
1184,P,Capsul'in Aluminium,https://www.awwwards.com/sites/capsulin-aluminium,motion,背景演出候補,WebGL,Awwwards — Sites of the Day,https://www.awwwards.com/websites/sites_of_the_day/?page=56
1185,P,Baillat Studio,https://www.awwwards.com/sites/baillat-studio,motion,背景演出候補,WebGL,Awwwards — Sites of the Day,https://www.awwwards.com/websites/sites_of_the_day/?page=56
1187,P,Totem.earth,https://www.awwwards.com/sites/totem-earth,motion,背景演出候補,3D / Three.js / WebGL,Awwwards — Sites of the Day,https://www.awwwards.com/websites/sites_of_the_day/?page=57
1188,P,JUST Egg,https://www.awwwards.com/sites/just-egg,motion,背景演出候補,Big Background Images,Awwwards — Sites of the Day,https://www.awwwards.com/websites/sites_of_the_day/?page=57
1189,P,NFT of the Dead,https://www.awwwards.com/sites/nft-of-the-dead,motion,背景演出候補,3D / WebGL,Awwwards — Sites of the Day,https://www.awwwards.com/websites/sites_of_the_day/?page=57
1191,P,Advanced Team,https://www.awwwards.com/sites/advanced-team,motion,背景演出候補,Three.js,Awwwards — Sites of the Day,https://www.awwwards.com/websites/sites_of_the_day/?page=57
1192,P,Moooi - Paper Play,https://www.awwwards.com/sites/moooi-paper-play,motion,背景演出候補,GLSL / WebGL,Awwwards — Sites of the Day,https://www.awwwards.com/websites/sites_of_the_day/?page=57
1196,P,Vivid+Co,https://www.awwwards.com/sites/vivid-co-1,motion,背景演出候補,3D / WebGL,Awwwards — Sites of the Day,https://www.awwwards.com/websites/sites_of_the_day/?page=57
1198,P,Hyperframe,https://www.awwwards.com/sites/hyperframe,motion,背景演出候補,3D,Awwwards — Sites of the Day,https://www.awwwards.com/websites/sites_of_the_day/?page=57
1199,P,Aquerone,https://www.awwwards.com/sites/aquerone,motion,背景演出候補,GLSL / WebGL,Awwwards — Sites of the Day,https://www.awwwards.com/websites/sites_of_the_day/?page=57
1200,P,kirifuda inc.,https://www.awwwards.com/sites/kirifuda-inc,motion,背景演出候補,Three.js / WebGL,Awwwards — Sites of the Day,https://www.awwwards.com/websites/sites_of_the_day/?page=57
1201,P,Constantinos Haritos,https://www.awwwards.com/sites/constantinos-haritos,motion,背景演出候補,GLSL / WebGL,Awwwards — Sites of the Day,https://www.awwwards.com/websites/sites_of_the_day/?page=57
1202,P,Who is playing the Guqin,https://www.awwwards.com/sites/who-is-playing-the-guqin,motion,背景演出候補,GLSL / Three.js / WebGL,Awwwards — Sites of the Day,https://www.awwwards.com/websites/sites_of_the_day/?page=57
1203,P,Canvas Agency,https://www.awwwards.com/sites/canvas-agency,brand,背景演出候補,Big Background Images,Awwwards — Sites of the Day,https://www.awwwards.com/websites/sites_of_the_day/?page=57
1205,P,My Little Storybook,https://www.awwwards.com/sites/my-little-storybook,motion,背景演出候補,Three.js / WebGL,Awwwards — Sites of the Day,https://www.awwwards.com/websites/sites_of_the_day/?page=57
1206,P,Control,https://www.awwwards.com/sites/control,motion,背景演出候補,3D / WebGL,Awwwards — Sites of the Day,https://www.awwwards.com/websites/sites_of_the_day/?page=57
1207,P,Magnetism,https://www.awwwards.com/sites/magnetism,motion,背景演出候補,3D,Awwwards — Sites of the Day,https://www.awwwards.com/websites/sites_of_the_day/?page=57
1208,P,Alba,https://www.awwwards.com/sites/alba,typography,背景演出候補,Big Background Images,Awwwards — Sites of the Day,https://www.awwwards.com/websites/sites_of_the_day/?page=57
1209,P,Artisans d'Idées,https://www.awwwards.com/sites/artisans-didees,motion,背景演出候補,3D / Big Background Images / Three.js / WebGL,Awwwards — Sites of the Day,https://www.awwwards.com/websites/sites_of_the_day/?page=57
1211,P,Miranda – Paper Portfolio,https://www.awwwards.com/sites/miranda-paper-portfolio,motion,背景演出候補,Three.js / WebGL,Awwwards — Sites of the Day,https://www.awwwards.com/websites/sites_of_the_day/?page=57
1213,P,Shapefarm,https://www.awwwards.com/sites/shapefarm,motion,背景演出候補,GLSL / Three.js / WebGL,Awwwards — Sites of the Day,https://www.awwwards.com/websites/sites_of_the_day/?page=57
1214,P,The Sea We Breathe,https://www.awwwards.com/sites/the-sea-we-breathe,motion,背景演出候補,3D / Three.js,Awwwards — Sites of the Day,https://www.awwwards.com/websites/sites_of_the_day/?page=57
1216,P,Goodkids,https://www.awwwards.com/sites/goodkids-agency,motion,背景演出候補,Big Background Images,Awwwards — Sites of the Day,https://www.awwwards.com/websites/sites_of_the_day/?page=57
1217,P,Victoire Douy — Portfolio,https://www.awwwards.com/sites/victoire-douy-portfolio-1,motion,背景演出候補,Three.js / WebGL,Awwwards — Sites of the Day,https://www.awwwards.com/websites/sites_of_the_day/?page=57
1219,P,Gucci Flora Gorgeous Gardenia,https://www.awwwards.com/sites/gucci-flora-gorgeous-gardenia,motion,背景演出候補,3D,Awwwards — Sites of the Day,https://www.awwwards.com/websites/sites_of_the_day/?page=58
1220,P,DFY®,https://www.awwwards.com/sites/dfy-r,motion,背景演出候補,Big Background Images / Three.js,Awwwards — Sites of the Day,https://www.awwwards.com/websites/sites_of_the_day/?page=58
1221,P,Wayfinder,https://www.awwwards.com/sites/wayfinder,motion,背景演出候補,WebGL,Awwwards — Sites of the Day,https://www.awwwards.com/websites/sites_of_the_day/?page=58
1222,P,Liron Moran Interiors,https://www.awwwards.com/sites/liron-moran-interiors,motion,背景演出候補,Three.js / WebGL,Awwwards — Sites of the Day,https://www.awwwards.com/websites/sites_of_the_day/?page=58
1223,P,Traces A Digital Time Capsule,https://www.awwwards.com/sites/traces-a-digital-time-capsule,motion,背景演出候補,3D / GLSL / Three.js / WebGL,Awwwards — Sites of the Day,https://www.awwwards.com/websites/sites_of_the_day/?page=58
1225,P,CREATIVE NIGHTS,https://www.awwwards.com/sites/creative-nights-portfolio,motion,背景演出候補,WebGL,Awwwards — Sites of the Day,https://www.awwwards.com/websites/sites_of_the_day/?page=58
1226,P,Star Atlas,https://www.awwwards.com/sites/star-atlas,motion,背景演出候補,3D / Three.js,Awwwards — Sites of the Day,https://www.awwwards.com/websites/sites_of_the_day/?page=58
1227,P,Speedy,https://www.awwwards.com/sites/speedy,motion,背景演出候補,3D,Awwwards — Sites of the Day,https://www.awwwards.com/websites/sites_of_the_day/?page=58
1228,P,Sakharov.space,https://www.awwwards.com/sites/sakharov-space,motion,背景演出候補,3D / WebGL,Awwwards — Sites of the Day,https://www.awwwards.com/websites/sites_of_the_day/?page=58
1229,P,Skolkovo Business District,https://www.awwwards.com/sites/skolkovo-business-district,motion,背景演出候補,3D / WebGL,Awwwards — Sites of the Day,https://www.awwwards.com/websites/sites_of_the_day/?page=58
1230,P,Platoon Aviation,https://www.awwwards.com/sites/platoon-aviation,motion,背景演出候補,3D,Awwwards — Sites of the Day,https://www.awwwards.com/websites/sites_of_the_day/?page=58
1231,P,monopo london,https://www.awwwards.com/sites/monopo-london,motion,背景演出候補,WebGL,Awwwards — Sites of the Day,https://www.awwwards.com/websites/sites_of_the_day/?page=58
1232,P,Foam Talent 2021,https://www.awwwards.com/sites/foam-talent-2021,motion,背景演出候補,Three.js / WebGL,Awwwards — Sites of the Day,https://www.awwwards.com/websites/sites_of_the_day/?page=58
1233,Q,ARE YOU OKOK?,https://www.awwwards.com/sites/are-you-okok,motion,背景演出候補,3D / Three.js,Awwwards — Sites of the Day,https://www.awwwards.com/websites/sites_of_the_day/?page=58
1235,Q,Cowboy,https://www.awwwards.com/sites/cowboy-1,motion,背景演出候補,3D,Awwwards — Sites of the Day,https://www.awwwards.com/websites/sites_of_the_day/?page=58
1236,Q,Gucci Burst,https://www.awwwards.com/sites/gucci-burst,motion,背景演出候補,3D / Three.js,Awwwards — Sites of the Day,https://www.awwwards.com/websites/sites_of_the_day/?page=58
1237,Q,Ballade N°12 at Vendome,https://www.awwwards.com/sites/ballade-ndeg12-at-vendome,motion,背景演出候補,WebGL,Awwwards — Sites of the Day,https://www.awwwards.com/websites/sites_of_the_day/?page=58
1239,Q,Feldman.Studio,https://www.awwwards.com/sites/feldman-studio,motion,背景演出候補,WebGL,Awwwards — Sites of the Day,https://www.awwwards.com/websites/sites_of_the_day/?page=58
1240,Q,The Shift,https://www.awwwards.com/sites/the-shift-1,motion,背景演出候補,WebGL,Awwwards — Sites of the Day,https://www.awwwards.com/websites/sites_of_the_day/?page=58
1242,Q,FCXV FABIENNE CHAPOT,https://www.awwwards.com/sites/fcxv-fabienne-chapot,motion,背景演出候補,3D / GLSL / Three.js / WebGL,Awwwards — Sites of the Day,https://www.awwwards.com/websites/sites_of_the_day/?page=58
1243,Q,eumRay portfolio,https://www.awwwards.com/sites/eumray-portfolio,motion,背景演出候補,Three.js / WebGL,Awwwards — Sites of the Day,https://www.awwwards.com/websites/sites_of_the_day/?page=58
1245,Q,Alicia Keys,https://www.awwwards.com/sites/alicia-keys,motion,背景演出候補,Big Background Images,Awwwards — Sites of the Day,https://www.awwwards.com/websites/sites_of_the_day/?page=58
1246,Q,Sal Parasuco,https://www.awwwards.com/sites/sal-parasuco,motion,背景演出候補,3D / Three.js,Awwwards — Sites of the Day,https://www.awwwards.com/websites/sites_of_the_day/?page=58
1247,Q,hyogen,https://www.awwwards.com/sites/hyogen,motion,背景演出候補,GLSL / WebGL,Awwwards — Sites of the Day,https://www.awwwards.com/websites/sites_of_the_day/?page=58
1248,Q,PerimeterWatch,https://www.awwwards.com/sites/perimeterwatch,motion,背景演出候補,3D / WebGL,Awwwards — Sites of the Day,https://www.awwwards.com/websites/sites_of_the_day/?page=58
1249,Q,Hyer®,https://www.awwwards.com/sites/hyer-r,motion,背景演出候補,3D / Three.js / WebGL,Awwwards — Sites of the Day,https://www.awwwards.com/websites/sites_of_the_day/?page=59
1250,Q,CrowdStrike Adversary Universe,https://www.awwwards.com/sites/crowdstrike-adversary-universe,motion,背景演出候補,WebGL,Awwwards — Sites of the Day,https://www.awwwards.com/websites/sites_of_the_day/?page=59
1252,Q,Madbox,https://www.awwwards.com/sites/madbox,motion,背景演出候補,3D / GLSL / Three.js,Awwwards — Sites of the Day,https://www.awwwards.com/websites/sites_of_the_day/?page=59
1255,Q,Leroy Merlin Inspirational Mag,https://www.awwwards.com/sites/leroy-merlin-inspirational-mag,motion,背景演出候補,3D / WebGL,Awwwards — Sites of the Day,https://www.awwwards.com/websites/sites_of_the_day/?page=59
1256,Q,DNA CAPITAL,https://www.awwwards.com/sites/dna-capital,motion,背景演出候補,GLSL / Three.js / WebGL,Awwwards — Sites of the Day,https://www.awwwards.com/websites/sites_of_the_day/?page=59
1257,Q,Thinkingbox,https://www.awwwards.com/sites/thinkingbox,motion,背景演出候補,WebGL,Awwwards — Sites of the Day,https://www.awwwards.com/websites/sites_of_the_day/?page=59
1259,Q,The Space that makes us Human,https://www.awwwards.com/sites/the-space-that-makes-us-human,motion,背景演出候補,3D / Three.js / WebGL,Awwwards — Sites of the Day,https://www.awwwards.com/websites/sites_of_the_day/?page=59
1261,Q,Vibor,https://www.awwwards.com/sites/vibor,motion,背景演出候補,3D,Awwwards — Sites of the Day,https://www.awwwards.com/websites/sites_of_the_day/?page=59
1262,Q,Lionel Taurus - Portfolio,https://www.awwwards.com/sites/lionel-taurus-portfolio,motion,背景演出候補,3D / WebGL,Awwwards — Sites of the Day,https://www.awwwards.com/websites/sites_of_the_day/?page=59
1263,Q,Junges SchauSpielHaus Hamburg,https://www.awwwards.com/sites/junges-schauspielhaus-hamburg,motion,背景演出候補,Big Background Images,Awwwards — Sites of the Day,https://www.awwwards.com/websites/sites_of_the_day/?page=59
1264,Q,Utsubo,https://www.awwwards.com/sites/utsubo,motion,背景演出候補,3D / Three.js / WebGL,Awwwards — Sites of the Day,https://www.awwwards.com/websites/sites_of_the_day/?page=59
1271,Q,Rupert & Rothschild,https://www.awwwards.com/sites/rupert-rothschild,motion,背景演出候補,GLSL,Awwwards — Sites of the Day,https://www.awwwards.com/websites/sites_of_the_day/?page=59
1275,Q,Meadlight — Principio,https://www.awwwards.com/sites/meadlight-principio,motion,背景演出候補,3D / Three.js / WebGL,Awwwards — Sites of the Day,https://www.awwwards.com/websites/sites_of_the_day/?page=59
1278,Q,FanZone36,https://www.awwwards.com/sites/fanzone36,motion,背景演出候補,3D / Three.js,Awwwards — Sites of the Day,https://www.awwwards.com/websites/sites_of_the_day/?page=59
1279,Q,Black Dog,https://www.awwwards.com/sites/black-dog,motion,背景演出候補,Three.js / WebGL,Awwwards — Sites of the Day,https://www.awwwards.com/websites/sites_of_the_day/?page=59
1282,Q,Sivik©Atelier,https://www.awwwards.com/sites/sivik-c-atelier,motion,背景演出候補,Big Background Images / GLSL / Three.js / WebGL,Awwwards — Sites of the Day,https://www.awwwards.com/websites/sites_of_the_day/?page=60
1283,Q,Miti Navi,https://www.awwwards.com/sites/miti-navi,motion,背景演出候補,Big Background Images,Awwwards — Sites of the Day,https://www.awwwards.com/websites/sites_of_the_day/?page=60
1284,Q,MSI - The Match Maker,https://www.awwwards.com/sites/msi-the-match-maker,motion,背景演出候補,3D / Three.js,Awwwards — Sites of the Day,https://www.awwwards.com/websites/sites_of_the_day/?page=60
1285,Q,Bannister & Associates,https://www.awwwards.com/sites/bannister-associates,motion,背景演出候補,3D / WebGL,Awwwards — Sites of the Day,https://www.awwwards.com/websites/sites_of_the_day/?page=60
1287,Q,Leonid Kostetskyi,https://www.awwwards.com/sites/leonid-kostetskyi-1,motion,背景演出候補,GLSL / WebGL,Awwwards — Sites of the Day,https://www.awwwards.com/websites/sites_of_the_day/?page=60
1291,Q,Studio K95,https://www.awwwards.com/sites/studio-k95-1,typography,背景演出候補,Three.js,Awwwards — Sites of the Day,https://www.awwwards.com/websites/sites_of_the_day/?page=60
1297,Q,Scepter & Sword Wine Co.,https://www.awwwards.com/sites/scepter-sword-wine-co,product,背景演出候補,Big Background Images,Awwwards — Sites of the Day,https://www.awwwards.com/websites/sites_of_the_day/?page=60
1298,Q,Pluto,https://www.awwwards.com/sites/pluto,motion,背景演出候補,3D / Three.js / WebGL,Awwwards — Sites of the Day,https://www.awwwards.com/websites/sites_of_the_day/?page=60
1300,Q,Vredestein Experience Centre,https://www.awwwards.com/sites/vredestein-experience-centre,motion,背景演出候補,3D / Three.js,Awwwards — Sites of the Day,https://www.awwwards.com/websites/sites_of_the_day/?page=60
1302,Q,Etienne Barbedette - Portfolio,https://www.awwwards.com/sites/etienne-barbedette-portfolio,motion,背景演出候補,Three.js / WebGL,Awwwards — Sites of the Day,https://www.awwwards.com/websites/sites_of_the_day/?page=60
1305,Q,SavourDesign,https://www.awwwards.com/sites/savourdesign,motion,背景演出候補,Big Background Images,Awwwards — Sites of the Day,https://www.awwwards.com/websites/sites_of_the_day/?page=60
1306,Q,Amuse Bouche,https://www.awwwards.com/sites/amuse-bouche,motion,背景演出候補,3D / Three.js / WebGL,Awwwards — Sites of the Day,https://www.awwwards.com/websites/sites_of_the_day/?page=60
1310,R,Fipadoc,https://www.awwwards.com/sites/fipadoc,product,背景演出候補,Big Background Images,Awwwards — Sites of the Day,https://www.awwwards.com/websites/sites_of_the_day/?page=60
1312,R,2021 Virtual Webbys,https://www.awwwards.com/sites/2021-virtual-webbys,motion,背景演出候補,WebGL,Awwwards — Sites of the Day,https://www.awwwards.com/websites/sites_of_the_day/?page=61
1313,R,estudio/nk ®,https://www.awwwards.com/sites/estudio-nk-2021,motion,背景演出候補,3D / WebGL,Awwwards — Sites of the Day,https://www.awwwards.com/websites/sites_of_the_day/?page=61
1314,R,Beyond the Fold,https://www.awwwards.com/sites/beyond-the-fold,motion,背景演出候補,3D / WebGL,Awwwards — Sites of the Day,https://www.awwwards.com/websites/sites_of_the_day/?page=61
1315,R,Motley Crowd,https://www.awwwards.com/sites/motley-crowd,motion,背景演出候補,3D / Three.js,Awwwards — Sites of the Day,https://www.awwwards.com/websites/sites_of_the_day/?page=61
1316,R,-99® design studio,https://www.awwwards.com/sites/99-r-design-studio,motion,背景演出候補,Three.js,Awwwards — Sites of the Day,https://www.awwwards.com/websites/sites_of_the_day/?page=61
1320,R,Hulu Pride,https://www.awwwards.com/sites/hulu-pride,motion,背景演出候補,3D / WebGL,Awwwards — Sites of the Day,https://www.awwwards.com/websites/sites_of_the_day/?page=61
1321,R,Design Scramble,https://www.awwwards.com/sites/design-scramble,motion,背景演出候補,Three.js,Awwwards — Sites of the Day,https://www.awwwards.com/websites/sites_of_the_day/?page=61
1322,R,Floema Jewelry,https://www.awwwards.com/sites/floema-jewelry,motion,背景演出候補,GLSL / WebGL,Awwwards — Sites of the Day,https://www.awwwards.com/websites/sites_of_the_day/?page=61
1325,R,ZOOX,https://www.awwwards.com/sites/zoox,motion,背景演出候補,3D,Awwwards — Sites of the Day,https://www.awwwards.com/websites/sites_of_the_day/?page=61
1328,R,Restore Hope Appeal,https://www.awwwards.com/sites/restore-hope-appeal,motion,背景演出候補,Three.js,Awwwards — Sites of the Day,https://www.awwwards.com/websites/sites_of_the_day/?page=61
1329,R,Pone - LISTEN AND DONATE,https://www.awwwards.com/sites/pone-listen-and-donate,motion,背景演出候補,Three.js,Awwwards — Sites of the Day,https://www.awwwards.com/websites/sites_of_the_day/?page=61
1330,R,Vita Architecture,https://www.awwwards.com/sites/vita-architecture,motion,背景演出候補,3D / GLSL / Three.js / WebGL,Awwwards — Sites of the Day,https://www.awwwards.com/websites/sites_of_the_day/?page=61
1333,R,Go Love Yourself!,https://www.awwwards.com/sites/go-love-yourself,motion,背景演出候補,GLSL,Awwwards — Sites of the Day,https://www.awwwards.com/websites/sites_of_the_day/?page=61
1334,R,Anti,https://www.awwwards.com/sites/anti,motion,背景演出候補,GLSL / WebGL,Awwwards — Sites of the Day,https://www.awwwards.com/websites/sites_of_the_day/?page=61
1335,R,The gold leaf,https://www.awwwards.com/sites/the-gold-leaf,motion,背景演出候補,3D / WebGL,Awwwards — Sites of the Day,https://www.awwwards.com/websites/sites_of_the_day/?page=61
1336,R,Dillinger,https://www.awwwards.com/sites/dillinger,motion,背景演出候補,Three.js / WebGL,Awwwards — Sites of the Day,https://www.awwwards.com/websites/sites_of_the_day/?page=61
1337,R,The State of Independence,https://www.awwwards.com/sites/the-state-of-independence,motion,背景演出候補,3D / Three.js / WebGL,Awwwards — Sites of the Day,https://www.awwwards.com/websites/sites_of_the_day/?page=61
1340,R,Crazy About Eggs,https://www.awwwards.com/sites/crazy-about-eggs,motion,背景演出候補,GLSL,Awwwards — Sites of the Day,https://www.awwwards.com/websites/sites_of_the_day/?page=61
1343,R,The Harmonic State,https://www.awwwards.com/sites/the-harmonic-state,motion,背景演出候補,WebGL,Awwwards — Sites of the Day,https://www.awwwards.com/websites/sites_of_the_day/?page=62
1345,R,Zero Impact,https://www.awwwards.com/sites/zero-impact,motion,背景演出候補,3D / WebGL,Awwwards — Sites of the Day,https://www.awwwards.com/websites/sites_of_the_day/?page=62
1346,R,Isabel Moranta,https://www.awwwards.com/sites/isabel-moranta,motion,背景演出候補,Big Background Images,Awwwards — Sites of the Day,https://www.awwwards.com/websites/sites_of_the_day/?page=62
1348,R,Third by Kenjiro,https://www.awwwards.com/sites/third-by-kenjiro,motion,背景演出候補,WebGL,Awwwards — Sites of the Day,https://www.awwwards.com/websites/sites_of_the_day/?page=62
1349,R,Gabriel Cuallado,https://www.awwwards.com/sites/gabriel-cuallado,motion,背景演出候補,3D / GLSL / Three.js,Awwwards — Sites of the Day,https://www.awwwards.com/websites/sites_of_the_day/?page=62
1351,R,"Fan Study, Spotify for Artists",https://www.awwwards.com/sites/fan-study-spotify-for-artists,motion,背景演出候補,3D / Three.js,Awwwards — Sites of the Day,https://www.awwwards.com/websites/sites_of_the_day/?page=62
1353,R,Moooi - Beauty Blooms,https://www.awwwards.com/sites/moooi-beauty-blooms,motion,背景演出候補,GLSL / WebGL,Awwwards — Sites of the Day,https://www.awwwards.com/websites/sites_of_the_day/?page=62
1356,R,Eidos Shanghai,https://www.awwwards.com/sites/eidos-shanghai,motion,背景演出候補,WebGL,Awwwards — Sites of the Day,https://www.awwwards.com/websites/sites_of_the_day/?page=62
1357,R,Lamborghini Huracan STO,https://www.awwwards.com/sites/lamborghini-huracan-sto,motion,背景演出候補,3D / Three.js / WebGL,Awwwards — Sites of the Day,https://www.awwwards.com/websites/sites_of_the_day/?page=62
1358,R,Aristide – Portfolio 2021,https://www.awwwards.com/sites/aristide-portfolio-2021,motion,背景演出候補,GLSL / WebGL,Awwwards — Sites of the Day,https://www.awwwards.com/websites/sites_of_the_day/?page=62
1360,R,Niarra Travel,https://www.awwwards.com/sites/niarra-travel,motion,背景演出候補,WebGL,Awwwards — Sites of the Day,https://www.awwwards.com/websites/sites_of_the_day/?page=62
1362,R,Craie Craie,https://www.awwwards.com/sites/craie-craie,motion,背景演出候補,3D / Big Background Images / GLSL / Three.js,Awwwards — Sites of the Day,https://www.awwwards.com/websites/sites_of_the_day/?page=62
1364,R,The Endless Letter,https://www.awwwards.com/sites/the-endless-letter,motion,背景演出候補,3D / GLSL / Three.js / WebGL,Awwwards — Sites of the Day,https://www.awwwards.com/websites/sites_of_the_day/?page=62
1366,R,The MythBuster Challenge,https://www.awwwards.com/sites/the-mythbuster-challenge,motion,背景演出候補,WebGL,Awwwards — Sites of the Day,https://www.awwwards.com/websites/sites_of_the_day/?page=62
1368,R,The Field,https://www.awwwards.com/sites/the-field,motion,背景演出候補,WebGL,Awwwards — Sites of the Day,https://www.awwwards.com/websites/sites_of_the_day/?page=62
1369,R,theLAB Berkeley,https://www.awwwards.com/sites/thelab-berkeley,motion,背景演出候補,WebGL,Awwwards — Sites of the Day,https://www.awwwards.com/websites/sites_of_the_day/?page=62
1370,R,Jameen Tarlier,https://www.awwwards.com/sites/jameen-tarlier,motion,背景演出候補,Three.js,Awwwards — Sites of the Day,https://www.awwwards.com/websites/sites_of_the_day/?page=62
1372,R,Kazuki Noda Portfolio,https://www.awwwards.com/sites/kazuki-noda-portfolio,motion,背景演出候補,WebGL,Awwwards — Sites of the Day,https://www.awwwards.com/websites/sites_of_the_day/?page=62
1373,R,Colors combinations,https://www.awwwards.com/sites/colors-combinations,motion,背景演出候補,WebGL,Awwwards — Sites of the Day,https://www.awwwards.com/websites/sites_of_the_day/?page=63
1375,R,SuperFan Studio,https://www.awwwards.com/sites/superfan-studio,motion,背景演出候補,3D,Awwwards — Sites of the Day,https://www.awwwards.com/websites/sites_of_the_day/?page=63
1377,R,Total Property Network,https://www.awwwards.com/sites/total-property-network,motion,背景演出候補,3D / GLSL / Three.js,Awwwards — Sites of the Day,https://www.awwwards.com/websites/sites_of_the_day/?page=63
1383,R,one up studio corporate site,https://www.awwwards.com/sites/one-up-studio-corporate-site,motion,背景演出候補,3D / WebGL,Awwwards — Sites of the Day,https://www.awwwards.com/websites/sites_of_the_day/?page=63
1384,R,Emmit Fenn - Far From Here,https://www.awwwards.com/sites/emmit-fenn-far-from-here,motion,背景演出候補,WebGL,Awwwards — Sites of the Day,https://www.awwwards.com/websites/sites_of_the_day/?page=63
1385,R,Paul & Henriette,https://www.awwwards.com/sites/paul-henriette,motion,背景演出候補,GLSL / WebGL,Awwwards — Sites of the Day,https://www.awwwards.com/websites/sites_of_the_day/?page=63
1387,S,212 Heroes: Forever Young,https://www.awwwards.com/sites/212-heroes-forever-young,motion,背景演出候補,3D / Three.js / WebGL,Awwwards — Sites of the Day,https://www.awwwards.com/websites/sites_of_the_day/?page=63
1390,S,Best Things for Everything,https://www.awwwards.com/sites/best-things-for-everything,motion,背景演出候補,WebGL,Awwwards — Sites of the Day,https://www.awwwards.com/websites/sites_of_the_day/?page=63
1391,S,The Ocean Agency,https://www.awwwards.com/sites/the-ocean-agency,motion,背景演出候補,Three.js / WebGL,Awwwards — Sites of the Day,https://www.awwwards.com/websites/sites_of_the_day/?page=63
1393,S,Museum of Annoying Experiences,https://www.awwwards.com/sites/museum-of-annoying-experiences,motion,背景演出候補,3D / Three.js,Awwwards — Sites of the Day,https://www.awwwards.com/websites/sites_of_the_day/?page=63
1394,S,Nasdaq 50th anniversary,https://www.awwwards.com/sites/nasdaq-50th-anniversary,motion,背景演出候補,WebGL,Awwwards — Sites of the Day,https://www.awwwards.com/websites/sites_of_the_day/?page=63
1398,S,Weleda - The Open Garden,https://www.awwwards.com/sites/weleda-the-open-garden,motion,背景演出候補,3D / WebGL,Awwwards — Sites of the Day,https://www.awwwards.com/websites/sites_of_the_day/?page=63
1400,S,The Armenian Genocide,https://www.awwwards.com/sites/the-armenian-genocide,motion,背景演出候補,WebGL,Awwwards — Sites of the Day,https://www.awwwards.com/websites/sites_of_the_day/?page=63
1402,S,The Metropolitan Enigma,https://www.awwwards.com/sites/the-metropolitan-enigma,motion,背景演出候補,GLSL,Awwwards — Sites of the Day,https://www.awwwards.com/websites/sites_of_the_day/?page=63
1403,S,Life in Vogue,https://www.awwwards.com/sites/life-in-vogue,motion,背景演出候補,3D / WebGL,Awwwards — Sites of the Day,https://www.awwwards.com/websites/sites_of_the_day/?page=63
1404,S,Tecate Pa'l Norte Virtual 2021,https://www.awwwards.com/sites/tecate-pal-norte-virtual-2021,motion,背景演出候補,3D / Three.js / WebGL,Awwwards — Sites of the Day,https://www.awwwards.com/websites/sites_of_the_day/?page=64
1406,S,Finely Crafted,https://www.awwwards.com/sites/finely-crafted,motion,背景演出候補,WebGL,Awwwards — Sites of the Day,https://www.awwwards.com/websites/sites_of_the_day/?page=64
1407,S,Yamauchi No.10 Family Office,https://www.awwwards.com/sites/yamauchi-no-10-family-office,motion,背景演出候補,3D / WebGL,Awwwards — Sites of the Day,https://www.awwwards.com/websites/sites_of_the_day/?page=64
1409,S,Prometheus Fuels,https://www.awwwards.com/sites/prometheus-fuels,motion,背景演出候補,WebGL,Awwwards — Sites of the Day,https://www.awwwards.com/websites/sites_of_the_day/?page=64
1412,S,The laughing cow® 100 years,https://www.awwwards.com/sites/the-laughing-cow-r-100-years,motion,背景演出候補,3D / WebGL,Awwwards — Sites of the Day,https://www.awwwards.com/websites/sites_of_the_day/?page=64
1414,S,Penderecki's Garden,https://www.awwwards.com/sites/pendereckis-garden,motion,背景演出候補,3D / GLSL / Three.js,Awwwards — Sites of the Day,https://www.awwwards.com/websites/sites_of_the_day/?page=64
1417,S,Lens by Science,https://www.awwwards.com/sites/lens-by-science,motion,背景演出候補,3D,Awwwards — Sites of the Day,https://www.awwwards.com/websites/sites_of_the_day/?page=64
1419,S,The Russian Pantheon,https://www.awwwards.com/sites/the-russian-pantheon,motion,背景演出候補,3D / Three.js / WebGL,Awwwards — Sites of the Day,https://www.awwwards.com/websites/sites_of_the_day/?page=64
1420,S,Martin Laxenaire '21 Portfolio,https://www.awwwards.com/sites/martin-laxenaire-21-portfolio,motion,背景演出候補,GLSL / WebGL,Awwwards — Sites of the Day,https://www.awwwards.com/websites/sites_of_the_day/?page=64
1421,S,For the Love of Bread,https://www.awwwards.com/sites/for-the-love-of-bread,motion,背景演出候補,Big Background Images / WebGL,Awwwards — Sites of the Day,https://www.awwwards.com/websites/sites_of_the_day/?page=64
1422,S,Norman Dubois – Portfolio,https://www.awwwards.com/sites/norman-dubois-portfolio,motion,背景演出候補,WebGL,Awwwards — Sites of the Day,https://www.awwwards.com/websites/sites_of_the_day/?page=64
1423,S,Studio Sentempo,https://www.awwwards.com/sites/studio-sentempo,motion,背景演出候補,3D,Awwwards — Sites of the Day,https://www.awwwards.com/websites/sites_of_the_day/?page=64
1424,S,Superlist,https://www.awwwards.com/sites/superlist,motion,背景演出候補,3D / Three.js,Awwwards — Sites of the Day,https://www.awwwards.com/websites/sites_of_the_day/?page=64
1427,S,SSSolitaire,https://www.awwwards.com/sites/sssolitaire,motion,背景演出候補,3D / Three.js / WebGL,Awwwards — Sites of the Day,https://www.awwwards.com/websites/sites_of_the_day/?page=64
1428,S,Matthew Fisher,https://www.awwwards.com/sites/matthew-fisher,motion,背景演出候補,WebGL,Awwwards — Sites of the Day,https://www.awwwards.com/websites/sites_of_the_day/?page=64
1430,S,At Glacier's End,https://www.awwwards.com/sites/at-glaciers-end,typography,背景演出候補,Big Background Images,Awwwards — Sites of the Day,https://www.awwwards.com/websites/sites_of_the_day/?page=64
1437,S,Garoa Skincare,https://www.awwwards.com/sites/garoa-skincare,motion,背景演出候補,GLSL,Awwwards — Sites of the Day,https://www.awwwards.com/websites/sites_of_the_day/?page=65
1441,S,Jonathan Alpmyr,https://www.awwwards.com/sites/jonathan-alpmyr,motion,背景演出候補,GLSL / WebGL,Awwwards — Sites of the Day,https://www.awwwards.com/websites/sites_of_the_day/?page=65
1445,S,Mank the Unmaking,https://www.awwwards.com/sites/mank-the-unmaking,motion,背景演出候補,WebGL,Awwwards — Sites of the Day,https://www.awwwards.com/websites/sites_of_the_day/?page=65
1446,S,Gabriel Norman - Portfolio,https://www.awwwards.com/sites/gabriel-norman-portfolio,motion,背景演出候補,Three.js / WebGL,Awwwards — Sites of the Day,https://www.awwwards.com/websites/sites_of_the_day/?page=65
1448,S,Hanai World,https://www.awwwards.com/sites/hanai-world,motion,背景演出候補,3D,Awwwards — Sites of the Day,https://www.awwwards.com/websites/sites_of_the_day/?page=65
1451,S,Into the Storm,https://www.awwwards.com/sites/into-the-storm,motion,背景演出候補,3D / WebGL,Awwwards — Sites of the Day,https://www.awwwards.com/websites/sites_of_the_day/?page=65
1452,S,MAD,https://www.awwwards.com/sites/mad-1,motion,背景演出候補,WebGL,Awwwards — Sites of the Day,https://www.awwwards.com/websites/sites_of_the_day/?page=65
1453,S,Anywell Facial Bar,https://www.awwwards.com/sites/anywell-facial-bar,motion,背景演出候補,Big Background Images,Awwwards — Sites of the Day,https://www.awwwards.com/websites/sites_of_the_day/?page=65
1455,S,Léonard Agency,https://www.awwwards.com/sites/leonard-agency,motion,背景演出候補,3D / WebGL,Awwwards — Sites of the Day,https://www.awwwards.com/websites/sites_of_the_day/?page=65
1456,S,Lewa House,https://www.awwwards.com/sites/lewa-house,motion,背景演出候補,3D / WebGL,Awwwards — Sites of the Day,https://www.awwwards.com/websites/sites_of_the_day/?page=65
1461,S,Marseille by La Phase 5,https://www.awwwards.com/sites/marseille-by-la-phase-5,motion,背景演出候補,3D / Three.js / WebGL,Awwwards — Sites of the Day,https://www.awwwards.com/websites/sites_of_the_day/?page=65
1462,S,E.C.H.O.,https://www.awwwards.com/sites/e-c-h-o,motion,背景演出候補,3D / WebGL,Awwwards — Sites of the Day,https://www.awwwards.com/websites/sites_of_the_day/?page=65
1464,T,Blob Mixer,https://www.awwwards.com/sites/blob-mixer,motion,背景演出候補,3D / Three.js / WebGL,Awwwards — Sites of the Day,https://www.awwwards.com/websites/sites_of_the_day/?page=65
1466,T,Design Embraced,https://www.awwwards.com/sites/design-embraced-3,motion,背景演出候補,GLSL / WebGL,Awwwards — Sites of the Day,https://www.awwwards.com/websites/sites_of_the_day/?page=66
1467,T,Le Voyage Azarien,https://www.awwwards.com/sites/le-voyage-azarien,motion,背景演出候補,3D / GLSL / Three.js / WebGL,Awwwards — Sites of the Day,https://www.awwwards.com/websites/sites_of_the_day/?page=66
1468,T,WLDLGHT,https://www.awwwards.com/sites/wldlght,motion,背景演出候補,3D / GLSL / Three.js / WebGL,Awwwards — Sites of the Day,https://www.awwwards.com/websites/sites_of_the_day/?page=66
1469,T,J Dilla's Donuts: 15y tribute,https://www.awwwards.com/sites/j-dillas-donuts-15y-tribute,motion,背景演出候補,3D / GLSL / Three.js / WebGL,Awwwards — Sites of the Day,https://www.awwwards.com/websites/sites_of_the_day/?page=66
1472,T,Fossula,https://www.awwwards.com/sites/fossula,ecommerce,背景演出候補,Big Background Images,Awwwards — Sites of the Day,https://www.awwwards.com/websites/sites_of_the_day/?page=66
1477,T,Kenta Toshikura - Portfolio,https://www.awwwards.com/sites/kenta-toshikura-portfolio,motion,背景演出候補,3D / Three.js / WebGL,Awwwards — Sites of the Day,https://www.awwwards.com/websites/sites_of_the_day/?page=66
1478,T,Schweppes Canada,https://www.awwwards.com/sites/schweppes-canada,motion,背景演出候補,GLSL / WebGL,Awwwards — Sites of the Day,https://www.awwwards.com/websites/sites_of_the_day/?page=66
1479,T,Antara Studio,https://www.awwwards.com/sites/antara-studio,motion,背景演出候補,WebGL,Awwwards — Sites of the Day,https://www.awwwards.com/websites/sites_of_the_day/?page=66
1480,T,Public --- Domain,https://www.awwwards.com/sites/public-domain,ecommerce,背景演出候補,Big Background Images,Awwwards — Sites of the Day,https://www.awwwards.com/websites/sites_of_the_day/?page=66
1482,T,Kacper Chlebowicz 2021,https://www.awwwards.com/sites/kacper-chlebowicz-2021,motion,背景演出候補,GLSL / WebGL,Awwwards — Sites of the Day,https://www.awwwards.com/websites/sites_of_the_day/?page=66
1484,T,RedLight,https://www.awwwards.com/sites/redlight,motion,背景演出候補,3D,Awwwards — Sites of the Day,https://www.awwwards.com/websites/sites_of_the_day/?page=66
1485,T,Wild Souls,https://www.awwwards.com/sites/wild-souls,motion,背景演出候補,Big Background Images,Awwwards — Sites of the Day,https://www.awwwards.com/websites/sites_of_the_day/?page=66
1486,T,Adrien Laurent - Portfolio,https://www.awwwards.com/sites/adrien-laurent-portfolio-1,motion,背景演出候補,WebGL,Awwwards — Sites of the Day,https://www.awwwards.com/websites/sites_of_the_day/?page=66
1488,T,Provider Store,https://www.awwwards.com/sites/provider-store,ecommerce,背景演出候補,Big Background Images,Awwwards — Sites of the Day,https://www.awwwards.com/websites/sites_of_the_day/?page=66
1489,T,Kffein,https://www.awwwards.com/sites/kffein,motion,背景演出候補,3D,Awwwards — Sites of the Day,https://www.awwwards.com/websites/sites_of_the_day/?page=66
1491,T,GOOD Meat,https://www.awwwards.com/sites/good-meat,motion,背景演出候補,3D / GLSL / Three.js / WebGL,Awwwards — Sites of the Day,https://www.awwwards.com/websites/sites_of_the_day/?page=66
1492,T,Patrappa the trapper,https://www.awwwards.com/sites/patrappa-the-trapper,motion,背景演出候補,GLSL / WebGL,Awwwards — Sites of the Day,https://www.awwwards.com/websites/sites_of_the_day/?page=66
1493,T,World After Covid,https://www.awwwards.com/sites/world-after-covid,motion,背景演出候補,Big Background Images,Awwwards — Sites of the Day,https://www.awwwards.com/websites/sites_of_the_day/?page=66
1494,T,Aurélia Durand,https://www.awwwards.com/sites/aurelia-durand,motion,背景演出候補,Big Background Images,Awwwards — Sites of the Day,https://www.awwwards.com/websites/sites_of_the_day/?page=66
1496,T,Decoded Advertising,https://www.awwwards.com/sites/decoded-advertising,motion,背景演出候補,Big Background Images,Awwwards — Sites of the Day,https://www.awwwards.com/websites/sites_of_the_day/?page=66
1499,T,Levon Aronian,https://www.awwwards.com/sites/levon-aronian,motion,背景演出候補,3D / Three.js,Awwwards — Sites of the Day,https://www.awwwards.com/websites/sites_of_the_day/?page=67
1501,T,Umami Land,https://www.awwwards.com/sites/umami-land,motion,背景演出候補,3D / WebGL,Awwwards — Sites of the Day,https://www.awwwards.com/websites/sites_of_the_day/?page=67
1502,T,Marx Design Ltd,https://www.awwwards.com/sites/marx-design-ltd,motion,背景演出候補,WebGL,Awwwards — Sites of the Day,https://www.awwwards.com/websites/sites_of_the_day/?page=67
1503,T,NAOZ - The Digital Venue,https://www.awwwards.com/sites/naoz-the-digital-venue-1,motion,背景演出候補,3D / Three.js,Awwwards — Sites of the Day,https://www.awwwards.com/websites/sites_of_the_day/?page=67
1504,T,NexBank,https://www.awwwards.com/sites/nexbank,motion,背景演出候補,3D,Awwwards — Sites of the Day,https://www.awwwards.com/websites/sites_of_the_day/?page=67
1505,T,Aēsop - Aromatique Candles,https://www.awwwards.com/sites/aesop-aromatique-candles,motion,背景演出候補,GLSL,Awwwards — Sites of the Day,https://www.awwwards.com/websites/sites_of_the_day/?page=67
1506,T,AirShifumi,https://www.awwwards.com/sites/airshifumi,motion,背景演出候補,WebGL,Awwwards — Sites of the Day,https://www.awwwards.com/websites/sites_of_the_day/?page=67
1509,T,Analytica Alimentaria,https://www.awwwards.com/sites/analytica-alimentaria,motion,背景演出候補,3D / WebGL,Awwwards — Sites of the Day,https://www.awwwards.com/websites/sites_of_the_day/?page=67
1510,T,Sonia Presne,https://www.awwwards.com/sites/sonia-presne,motion,背景演出候補,WebGL,Awwwards — Sites of the Day,https://www.awwwards.com/websites/sites_of_the_day/?page=67
1511,T,GIB20,https://www.awwwards.com/sites/gib20,motion,背景演出候補,3D / Three.js / WebGL,Awwwards — Sites of the Day,https://www.awwwards.com/websites/sites_of_the_day/?page=67
1512,T,Gucci Gift Giving,https://www.awwwards.com/sites/gucci-gift-giving,motion,背景演出候補,3D / Three.js / WebGL,Awwwards — Sites of the Day,https://www.awwwards.com/websites/sites_of_the_day/?page=67
1513,T,LIONS GOOD NEWS2020,https://www.awwwards.com/sites/lions-good-news2020,motion,背景演出候補,Three.js / WebGL,Awwwards — Sites of the Day,https://www.awwwards.com/websites/sites_of_the_day/?page=67
1516,T,Estée Lauder - The ANRcade,https://www.awwwards.com/sites/estee-lauder-the-anrcade,motion,背景演出候補,WebGL,Awwwards — Sites of the Day,https://www.awwwards.com/websites/sites_of_the_day/?page=67
1519,T,International Days,https://www.awwwards.com/sites/international-days,motion,背景演出候補,WebGL,Awwwards — Sites of the Day,https://www.awwwards.com/websites/sites_of_the_day/?page=67
1522,T,Angel of Darkness,https://www.awwwards.com/sites/angel-of-darkness,motion,背景演出候補,Big Background Images / WebGL,Awwwards — Sites of the Day,https://www.awwwards.com/websites/sites_of_the_day/?page=67
1528,T,Sea Shepherd - No fishing net,https://www.awwwards.com/sites/sea-shepherd-no-fishing-net,motion,背景演出候補,3D / WebGL,Awwwards — Sites of the Day,https://www.awwwards.com/websites/sites_of_the_day/?page=68
1531,T,Proto Homes,https://www.awwwards.com/sites/proto-homes,motion,背景演出候補,3D,Awwwards — Sites of the Day,https://www.awwwards.com/websites/sites_of_the_day/?page=68
1534,T,EarCOUTURE,https://www.awwwards.com/sites/earcouture,motion,背景演出候補,GLSL / WebGL,Awwwards — Sites of the Day,https://www.awwwards.com/websites/sites_of_the_day/?page=68
1535,T,Philippe Neveu - Portfolio,https://www.awwwards.com/sites/philippe-neveu-portfolio-1,motion,背景演出候補,WebGL,Awwwards — Sites of the Day,https://www.awwwards.com/websites/sites_of_the_day/?page=68
1536,T,Typography Principles,https://www.awwwards.com/sites/typography-principles,motion,背景演出候補,WebGL,Awwwards — Sites of the Day,https://www.awwwards.com/websites/sites_of_the_day/?page=68
1537,T,Impero,https://www.awwwards.com/sites/impero,motion,背景演出候補,3D / WebGL,Awwwards — Sites of the Day,https://www.awwwards.com/websites/sites_of_the_day/?page=68
1538,T,The Biggest Change,https://www.awwwards.com/sites/the-biggest-change,motion,背景演出候補,3D,Awwwards — Sites of the Day,https://www.awwwards.com/websites/sites_of_the_day/?page=68
1540,T,XMAS MILL3,https://www.awwwards.com/sites/xmas-mill3,motion,背景演出候補,Big Background Images,Awwwards — Sites of the Day,https://www.awwwards.com/websites/sites_of_the_day/?page=68
1541,U,Frontier Development Lab,https://www.awwwards.com/sites/frontier-development-lab,motion,背景演出候補,WebGL,Awwwards — Sites of the Day,https://www.awwwards.com/websites/sites_of_the_day/?page=68
1544,U,Five years of -99,https://www.awwwards.com/sites/five-years-of-99,motion,背景演出候補,3D / Three.js / WebGL,Awwwards — Sites of the Day,https://www.awwwards.com/websites/sites_of_the_day/?page=68
1545,U,Sofia Papadopoulou,https://www.awwwards.com/sites/sofia-papadopoulou,motion,背景演出候補,GLSL / Three.js / WebGL,Awwwards — Sites of the Day,https://www.awwwards.com/websites/sites_of_the_day/?page=68
1546,U,Google Cloud Demos-Healthcare,https://www.awwwards.com/sites/google-cloud-demos-healthcare,motion,背景演出候補,3D / WebGL,Awwwards — Sites of the Day,https://www.awwwards.com/websites/sites_of_the_day/?page=68
1548,U,Deliciously Dark Escape,https://www.awwwards.com/sites/deliciously-dark-escape,motion,背景演出候補,WebGL,Awwwards — Sites of the Day,https://www.awwwards.com/websites/sites_of_the_day/?page=68
1549,U,The Queen and The Crown,https://www.awwwards.com/sites/the-queen-and-the-crown,motion,背景演出候補,3D / WebGL,Awwwards — Sites of the Day,https://www.awwwards.com/websites/sites_of_the_day/?page=68
1552,U,Naba Zabih,https://www.awwwards.com/sites/naba-zabih,motion,背景演出候補,WebGL,Awwwards — Sites of the Day,https://www.awwwards.com/websites/sites_of_the_day/?page=68
1553,U,Spain Collection,https://www.awwwards.com/sites/spain-collection,motion,背景演出候補,Big Background Images,Awwwards — Sites of the Day,https://www.awwwards.com/websites/sites_of_the_day/?page=68
1554,U,Midwam,https://www.awwwards.com/sites/midwam,motion,背景演出候補,3D / Three.js / WebGL,Awwwards — Sites of the Day,https://www.awwwards.com/websites/sites_of_the_day/?page=68
1555,U,Loftgarten,https://www.awwwards.com/sites/loftgarten,motion,背景演出候補,3D / Three.js / WebGL,Awwwards — Sites of the Day,https://www.awwwards.com/websites/sites_of_the_day/?page=68
1560,U,grove lust,https://www.awwwards.com/sites/grove-lust,motion,背景演出候補,WebGL,Awwwards — Sites of the Day,https://www.awwwards.com/websites/sites_of_the_day/?page=69
1561,U,Medal of Honor: Above & Beyond,https://www.awwwards.com/sites/medal-of-honor-above-beyond,motion,背景演出候補,3D / Three.js / WebGL,Awwwards — Sites of the Day,https://www.awwwards.com/websites/sites_of_the_day/?page=69
1565,U,Huluween: The Screamlands,https://www.awwwards.com/sites/huluween-the-screamlands,motion,背景演出候補,3D / WebGL,Awwwards — Sites of the Day,https://www.awwwards.com/websites/sites_of_the_day/?page=69
1566,U,aircord,https://www.awwwards.com/sites/aircord,motion,背景演出候補,3D / Three.js / WebGL,Awwwards — Sites of the Day,https://www.awwwards.com/websites/sites_of_the_day/?page=69
1567,U,Humans 3d characters,https://www.awwwards.com/sites/humans-3d-characters,motion,背景演出候補,3D,Awwwards — Sites of the Day,https://www.awwwards.com/websites/sites_of_the_day/?page=69
1568,U,Kode Sports Club,https://www.awwwards.com/sites/kode,motion,背景演出候補,3D / Three.js,Awwwards — Sites of the Day,https://www.awwwards.com/websites/sites_of_the_day/?page=69
1572,U,Glenn Catteeuw — Portfolio,https://www.awwwards.com/sites/glenn-catteeuw-portfolio,motion,背景演出候補,3D / Three.js / WebGL,Awwwards — Sites of the Day,https://www.awwwards.com/websites/sites_of_the_day/?page=69
1573,U,Julie Guzal - Portfolio,https://www.awwwards.com/sites/julie-guzal-portfolio,motion,背景演出候補,GLSL / Three.js / WebGL,Awwwards — Sites of the Day,https://www.awwwards.com/websites/sites_of_the_day/?page=69
1574,U,The Weed Center,https://www.awwwards.com/sites/the-weed-center,motion,背景演出候補,3D / Three.js / WebGL,Awwwards — Sites of the Day,https://www.awwwards.com/websites/sites_of_the_day/?page=69
1577,U,Squadeasy,https://www.awwwards.com/sites/squadeasy,motion,背景演出候補,3D / WebGL,Awwwards — Sites of the Day,https://www.awwwards.com/websites/sites_of_the_day/?page=69
1578,U,BOOST,https://www.awwwards.com/sites/boost,motion,背景演出候補,3D,Awwwards — Sites of the Day,https://www.awwwards.com/websites/sites_of_the_day/?page=69
1579,U,Mammut - Local Adventure,https://www.awwwards.com/sites/mammut-local-adventure,brand,背景演出候補,Big Background Images,Awwwards — Sites of the Day,https://www.awwwards.com/websites/sites_of_the_day/?page=69
1580,U,Marqeta,https://www.awwwards.com/sites/marqeta,motion,背景演出候補,3D,Awwwards — Sites of the Day,https://www.awwwards.com/websites/sites_of_the_day/?page=69
1581,U,Marussia Beverages,https://www.awwwards.com/sites/marussia-beverages,motion,背景演出候補,WebGL,Awwwards — Sites of the Day,https://www.awwwards.com/websites/sites_of_the_day/?page=69
1583,U,Machine Learning Fairness,https://www.awwwards.com/sites/machine-learning-fairness,motion,背景演出候補,WebGL,Awwwards — Sites of the Day,https://www.awwwards.com/websites/sites_of_the_day/?page=69
1586,U,Clock Strikes Twelve,https://www.awwwards.com/sites/clock-strikes-twelve,motion,背景演出候補,WebGL,Awwwards — Sites of the Day,https://www.awwwards.com/websites/sites_of_the_day/?page=69
1588,U,House of Maserati,https://www.awwwards.com/sites/house-of-maserati,motion,背景演出候補,Three.js,Awwwards — Sites of the Day,https://www.awwwards.com/websites/sites_of_the_day/?page=69
1589,U,DMLA - Dans tes yeux,https://www.awwwards.com/sites/dmla-dans-tes-yeux,motion,背景演出候補,Big Background Images / GLSL / Three.js / WebGL,Awwwards — Sites of the Day,https://www.awwwards.com/websites/sites_of_the_day/?page=69
1591,U,Dark: Official Netflix Guide,https://www.awwwards.com/sites/dark-official-netflix-guide,motion,背景演出候補,WebGL,Awwwards — Sites of the Day,https://www.awwwards.com/websites/sites_of_the_day/?page=70
1593,U,Centogene Solutions,https://www.awwwards.com/sites/centogene-solutions,motion,背景演出候補,Three.js / WebGL,Awwwards — Sites of the Day,https://www.awwwards.com/websites/sites_of_the_day/?page=70
1596,U,Goliath Entertainment,https://www.awwwards.com/sites/goliath-entertainment,motion,背景演出候補,WebGL,Awwwards — Sites of the Day,https://www.awwwards.com/websites/sites_of_the_day/?page=70
1598,U,Robin Noguier - Portfolio,https://www.awwwards.com/sites/robin-noguier-portfolio,motion,背景演出候補,3D / GLSL / Three.js / WebGL,Awwwards — Sites of the Day,https://www.awwwards.com/websites/sites_of_the_day/?page=70
1602,U,WHEN WE WERE KIDS PRODUCTION,https://www.awwwards.com/sites/when-we-were-kids,motion,背景演出候補,WebGL,Awwwards — Sites of the Day,https://www.awwwards.com/websites/sites_of_the_day/?page=70
1603,U,CHILE20,https://www.awwwards.com/sites/chile20,motion,背景演出候補,3D / WebGL,Awwwards — Sites of the Day,https://www.awwwards.com/websites/sites_of_the_day/?page=70
1604,U,Simon Daufresne,https://www.awwwards.com/sites/simon-daufresne,motion,背景演出候補,GLSL,Awwwards — Sites of the Day,https://www.awwwards.com/websites/sites_of_the_day/?page=70
1611,U,AloneWithMe.Ai,https://www.awwwards.com/sites/alonewithme-ai,motion,背景演出候補,Three.js / WebGL,Awwwards — Sites of the Day,https://www.awwwards.com/websites/sites_of_the_day/?page=70
1614,U,"M-trust Co.,Ltd. Corporate",https://www.awwwards.com/sites/m-trust-co-ltd-corporate,motion,背景演出候補,Three.js / WebGL,Awwwards — Sites of the Day,https://www.awwwards.com/websites/sites_of_the_day/?page=70
1615,U,RipePlanet,https://www.awwwards.com/sites/ripeplanet,motion,背景演出候補,WebGL,Awwwards — Sites of the Day,https://www.awwwards.com/websites/sites_of_the_day/?page=70
1617,U,Letter,https://www.awwwards.com/sites/letter,motion,背景演出候補,3D / Big Background Images / WebGL,Awwwards — Sites of the Day,https://www.awwwards.com/websites/sites_of_the_day/?page=70
1618,V,Fledge,https://www.awwwards.com/sites/fledge,motion,背景演出候補,Three.js / WebGL,Awwwards — Sites of the Day,https://www.awwwards.com/websites/sites_of_the_day/?page=70
1620,V,Gusto Play 2,https://www.awwwards.com/sites/gusto-play-2,motion,背景演出候補,GLSL / Three.js / WebGL,Awwwards — Sites of the Day,https://www.awwwards.com/websites/sites_of_the_day/?page=70
1623,V,Web Graphic Experiments v2,https://www.awwwards.com/sites/web-graphic-experiments-v2,motion,背景演出候補,Three.js / WebGL,Awwwards — Sites of the Day,https://www.awwwards.com/websites/sites_of_the_day/?page=71
1624,V,The Bartlett Summer Show 2020,https://www.awwwards.com/sites/the-bartlett-summer-show-2020,motion,背景演出候補,3D,Awwwards — Sites of the Day,https://www.awwwards.com/websites/sites_of_the_day/?page=71
1625,V,TM,https://www.awwwards.com/sites/tm,motion,背景演出候補,WebGL,Awwwards — Sites of the Day,https://www.awwwards.com/websites/sites_of_the_day/?page=71
1626,V,Virgin Hyperloop,https://www.awwwards.com/sites/virgin-hyperloop,motion,背景演出候補,3D,Awwwards — Sites of the Day,https://www.awwwards.com/websites/sites_of_the_day/?page=71
1630,V,Bermat,https://www.awwwards.com/sites/bermat,motion,背景演出候補,Three.js / WebGL,Awwwards — Sites of the Day,https://www.awwwards.com/websites/sites_of_the_day/?page=71
1631,V,Mutek Festival,https://www.awwwards.com/sites/mutek-festival,motion,背景演出候補,Three.js,Awwwards — Sites of the Day,https://www.awwwards.com/websites/sites_of_the_day/?page=71
1639,V,Vault49,https://www.awwwards.com/sites/vault49,motion,背景演出候補,Three.js,Awwwards — Sites of the Day,https://www.awwwards.com/websites/sites_of_the_day/?page=71
1643,V,Maggie Rose,https://www.awwwards.com/sites/maggie-rose,motion,背景演出候補,Big Background Images,Awwwards — Sites of the Day,https://www.awwwards.com/websites/sites_of_the_day/?page=71
1644,V,BlueReceipt,https://www.awwwards.com/sites/bluereceipt,motion,背景演出候補,3D,Awwwards — Sites of the Day,https://www.awwwards.com/websites/sites_of_the_day/?page=71
1648,V,Making Maisel Marvelous,https://www.awwwards.com/sites/making-maisel-marvelous,motion,背景演出候補,GLSL / Three.js,Awwwards — Sites of the Day,https://www.awwwards.com/websites/sites_of_the_day/?page=71
1652,V,SDU - Future Education,https://www.awwwards.com/sites/sdu-future-education,motion,背景演出候補,3D / Three.js / WebGL,Awwwards — Sites of the Day,https://www.awwwards.com/websites/sites_of_the_day/?page=72
1663,V,kukla 3d icon kit,https://www.awwwards.com/sites/kukla-3d-icon-kit,motion,背景演出候補,3D,Awwwards — Sites of the Day,https://www.awwwards.com/websites/sites_of_the_day/?page=72
1664,V,Graphic Designer,https://www.awwwards.com/sites/graphic-designer-job,motion,背景演出候補,3D / Three.js / WebGL,Awwwards — Sites of the Day,https://www.awwwards.com/websites/sites_of_the_day/?page=72
1665,V,Voice of Racism,https://www.awwwards.com/sites/voice-of-racism,motion,背景演出候補,Three.js / WebGL,Awwwards — Sites of the Day,https://www.awwwards.com/websites/sites_of_the_day/?page=72
1666,V,Next Big Thing,https://www.awwwards.com/sites/next-big-thing,motion,背景演出候補,Big Background Images,Awwwards — Sites of the Day,https://www.awwwards.com/websites/sites_of_the_day/?page=72
1667,V,GlobeKit,https://www.awwwards.com/sites/globekit-1,motion,背景演出候補,3D / WebGL,Awwwards — Sites of the Day,https://www.awwwards.com/websites/sites_of_the_day/?page=72
1669,V,FIL - SUMI LIMITED,https://www.awwwards.com/sites/fil-sumi-limited,motion,背景演出候補,Three.js / WebGL,Awwwards — Sites of the Day,https://www.awwwards.com/websites/sites_of_the_day/?page=72
1671,V,Fleava Digital Agency,https://www.awwwards.com/sites/fleava-digital-agency-1,motion,背景演出候補,Three.js / WebGL,Awwwards — Sites of the Day,https://www.awwwards.com/websites/sites_of_the_day/?page=72
1672,V,Anastasiia Afanasieva,https://www.awwwards.com/sites/anastasiia-afanasieva,motion,背景演出候補,WebGL,Awwwards — Sites of the Day,https://www.awwwards.com/websites/sites_of_the_day/?page=72
1673,V,Vide Infra,https://www.awwwards.com/sites/vide-infra-agency,motion,背景演出候補,Three.js,Awwwards — Sites of the Day,https://www.awwwards.com/websites/sites_of_the_day/?page=72
1674,V,WAKA WAKA,https://www.awwwards.com/sites/waka-waka,motion,背景演出候補,WebGL,Awwwards — Sites of the Day,https://www.awwwards.com/websites/sites_of_the_day/?page=72
1675,V,Sweet Punk,https://www.awwwards.com/sites/sweet-punk-1,motion,背景演出候補,Three.js / WebGL,Awwwards — Sites of the Day,https://www.awwwards.com/websites/sites_of_the_day/?page=72
1678,V,Hoang Nguyen Personal Site,https://www.awwwards.com/sites/hoang-nguyen-personal-site,motion,背景演出候補,3D,Awwwards — Sites of the Day,https://www.awwwards.com/websites/sites_of_the_day/?page=72
1679,V,Gucci Dive,https://www.awwwards.com/sites/gucci-dive,motion,背景演出候補,3D / GLSL / Three.js / WebGL,Awwwards — Sites of the Day,https://www.awwwards.com/websites/sites_of_the_day/?page=72
1682,V,Story Line,https://www.awwwards.com/sites/story-line,motion,背景演出候補,GLSL / Three.js / WebGL,Awwwards — Sites of the Day,https://www.awwwards.com/websites/sites_of_the_day/?page=72
1683,V,Radiant Studios,https://www.awwwards.com/sites/radiantstudios,motion,背景演出候補,Three.js / WebGL,Awwwards — Sites of the Day,https://www.awwwards.com/websites/sites_of_the_day/?page=73
1684,V,Annatwelve - Fragrances,https://www.awwwards.com/sites/annatwelve-fragrances,motion,背景演出候補,WebGL,Awwwards — Sites of the Day,https://www.awwwards.com/websites/sites_of_the_day/?page=73
1685,V,THEREMIX - Virtual Theremin,https://www.awwwards.com/sites/theremix-virtual-theremin,motion,背景演出候補,WebGL,Awwwards — Sites of the Day,https://www.awwwards.com/websites/sites_of_the_day/?page=73
1686,V,Better Half,https://www.awwwards.com/sites/better-half,motion,背景演出候補,WebGL,Awwwards — Sites of the Day,https://www.awwwards.com/websites/sites_of_the_day/?page=73
1687,V,Vredestein New Horizons,https://www.awwwards.com/sites/vredestein-new-horizons,motion,背景演出候補,3D / Three.js / WebGL,Awwwards — Sites of the Day,https://www.awwwards.com/websites/sites_of_the_day/?page=73
1688,V,Synchronized studio,https://www.awwwards.com/sites/synchronized-studio,motion,背景演出候補,WebGL,Awwwards — Sites of the Day,https://www.awwwards.com/websites/sites_of_the_day/?page=73
1690,V,Dunderville.se,https://www.awwwards.com/sites/dunderville-se,motion,背景演出候補,WebGL,Awwwards — Sites of the Day,https://www.awwwards.com/websites/sites_of_the_day/?page=73
1692,V,Thibaut Foussard - 2020,https://www.awwwards.com/sites/thibaut-foussard-2020,motion,背景演出候補,Three.js / WebGL,Awwwards — Sites of the Day,https://www.awwwards.com/websites/sites_of_the_day/?page=73
1693,V,Kaleidoz™ Design Website,https://www.awwwards.com/sites/kaleidoztm-design-website,motion,背景演出候補,GLSL / Three.js / WebGL,Awwwards — Sites of the Day,https://www.awwwards.com/websites/sites_of_the_day/?page=73
1695,W,makemepulse,https://www.awwwards.com/sites/makemepulse,motion,背景演出候補,WebGL,Awwwards — Sites of the Day,https://www.awwwards.com/websites/sites_of_the_day/?page=73
1696,W,Patrick HENG - Portfolio,https://www.awwwards.com/sites/patrick-heng-portfolio-1,motion,背景演出候補,Three.js,Awwwards — Sites of the Day,https://www.awwwards.com/websites/sites_of_the_day/?page=73
1697,W,We are Büro,https://www.awwwards.com/sites/we-are-buro,motion,背景演出候補,Three.js / WebGL,Awwwards — Sites of the Day,https://www.awwwards.com/websites/sites_of_the_day/?page=73
1698,W,Million Piece Mission,https://www.awwwards.com/sites/million-piece-mission,motion,背景演出候補,WebGL,Awwwards — Sites of the Day,https://www.awwwards.com/websites/sites_of_the_day/?page=73
1699,W,Depositphotos. Evolution,https://www.awwwards.com/sites/depositphoto-evolution,motion,背景演出候補,Big Background Images / GLSL / Three.js / WebGL,Awwwards — Sites of the Day,https://www.awwwards.com/websites/sites_of_the_day/?page=73
1702,W,Mavfarm,https://www.awwwards.com/sites/mavfarm,motion,背景演出候補,3D / Three.js / WebGL,Awwwards — Sites of the Day,https://www.awwwards.com/websites/sites_of_the_day/?page=73
1704,W,Chiara Luzzana–Sound Designer,https://www.awwwards.com/sites/chiara-luzzana-sound-designer,motion,背景演出候補,3D / GLSL / Three.js / WebGL,Awwwards — Sites of the Day,https://www.awwwards.com/websites/sites_of_the_day/?page=73
1706,W,Turbulent.ca,https://www.awwwards.com/sites/turbulent-ca,motion,背景演出候補,3D / WebGL,Awwwards — Sites of the Day,https://www.awwwards.com/websites/sites_of_the_day/?page=73
1707,W,Adventure Time: Distant Lands,https://www.awwwards.com/sites/adventure-time-distant-lands,motion,背景演出候補,WebGL,Awwwards — Sites of the Day,https://www.awwwards.com/websites/sites_of_the_day/?page=73
1709,W,Pioneer - Corn Revolutionized,https://www.awwwards.com/sites/pioneer-corn-revolutionized,motion,背景演出候補,3D,Awwwards — Sites of the Day,https://www.awwwards.com/websites/sites_of_the_day/?page=73
1711,W,Un printemps suspendu,https://www.awwwards.com/sites/un-printemps-suspendu,motion,背景演出候補,3D / WebGL,Awwwards — Sites of the Day,https://www.awwwards.com/websites/sites_of_the_day/?page=73
1712,W,SEMPAI,https://www.awwwards.com/sites/sempai,motion,背景演出候補,3D / GLSL / Three.js / WebGL,Awwwards — Sites of the Day,https://www.awwwards.com/websites/sites_of_the_day/?page=73
1715,W,Reed.be,https://www.awwwards.com/sites/reedbe,motion,背景演出候補,Three.js,Awwwards — Sites of the Day,https://www.awwwards.com/websites/sites_of_the_day/?page=74
1716,W,Superfluid,https://www.awwwards.com/sites/superfluid,motion,背景演出候補,Big Background Images,Awwwards — Sites of the Day,https://www.awwwards.com/websites/sites_of_the_day/?page=74
1718,W,14islands,https://www.awwwards.com/sites/14islands,motion,背景演出候補,Three.js / WebGL,Awwwards — Sites of the Day,https://www.awwwards.com/websites/sites_of_the_day/?page=74
1721,W,Mcube,https://www.awwwards.com/sites/mcube,motion,背景演出候補,3D / Three.js / WebGL,Awwwards — Sites of the Day,https://www.awwwards.com/websites/sites_of_the_day/?page=74
1723,W,ENID,https://www.awwwards.com/sites/enid,motion,背景演出候補,GLSL,Awwwards — Sites of the Day,https://www.awwwards.com/websites/sites_of_the_day/?page=74
1725,W,Masters 1987,https://www.awwwards.com/sites/masters-1987-1,motion,背景演出候補,GLSL / Three.js / WebGL,Awwwards — Sites of the Day,https://www.awwwards.com/websites/sites_of_the_day/?page=74
1727,W,Peak'n Film,https://www.awwwards.com/sites/peakn-film,motion,背景演出候補,Big Background Images,Awwwards — Sites of the Day,https://www.awwwards.com/websites/sites_of_the_day/?page=74
1730,W,The Virtual Economy,https://www.awwwards.com/sites/the-virtual-economy,motion,背景演出候補,3D / WebGL,Awwwards — Sites of the Day,https://www.awwwards.com/websites/sites_of_the_day/?page=74
1734,W,Moon Safari,https://www.awwwards.com/sites/moon-safari,motion,背景演出候補,Big Background Images,Awwwards — Sites of the Day,https://www.awwwards.com/websites/sites_of_the_day/?page=74
1735,W,Beans Digital Marketing Agency,https://www.awwwards.com/sites/beans-digital-marketing-agency,motion,背景演出候補,3D,Awwwards — Sites of the Day,https://www.awwwards.com/websites/sites_of_the_day/?page=74
1737,W,Le Cantiche 1320,https://www.awwwards.com/sites/le-cantiche-1320,motion,背景演出候補,Three.js / WebGL,Awwwards — Sites of the Day,https://www.awwwards.com/websites/sites_of_the_day/?page=74
1739,W,MAISON CACAO,https://www.awwwards.com/sites/maison-cacao,motion,背景演出候補,WebGL,Awwwards — Sites of the Day,https://www.awwwards.com/websites/sites_of_the_day/?page=74
1741,W,Virages,https://www.awwwards.com/sites/virages,motion,背景演出候補,Big Background Images,Awwwards — Sites of the Day,https://www.awwwards.com/websites/sites_of_the_day/?page=74
1742,W,Studio Mærtens,https://www.awwwards.com/sites/studio-maertens,motion,背景演出候補,3D / GLSL / Three.js / WebGL,Awwwards — Sites of the Day,https://www.awwwards.com/websites/sites_of_the_day/?page=74
1743,W,Ciao Bella,https://www.awwwards.com/sites/ciao-bella,motion,背景演出候補,WebGL,Awwwards — Sites of the Day,https://www.awwwards.com/websites/sites_of_the_day/?page=74
1745,W,Listening Together,https://www.awwwards.com/sites/listening-together,motion,背景演出候補,WebGL,Awwwards — Sites of the Day,https://www.awwwards.com/websites/sites_of_the_day/?page=75
1746,W,Ivan Toma,https://www.awwwards.com/sites/ivan-toma,motion,背景演出候補,WebGL,Awwwards — Sites of the Day,https://www.awwwards.com/websites/sites_of_the_day/?page=75
1749,W,Gucci Mascara Hunt,https://www.awwwards.com/sites/gucci-mascara-hunt,motion,背景演出候補,3D / GLSL / Three.js / WebGL,Awwwards — Sites of the Day,https://www.awwwards.com/websites/sites_of_the_day/?page=75
1751,W,Everpost,https://www.awwwards.com/sites/everpost,motion,背景演出候補,3D / WebGL,Awwwards — Sites of the Day,https://www.awwwards.com/websites/sites_of_the_day/?page=75
1756,W,VanMoof: S3 & X3,https://www.awwwards.com/sites/vanmoof-s3-x3,motion,背景演出候補,3D / WebGL,Awwwards — Sites of the Day,https://www.awwwards.com/websites/sites_of_the_day/?page=75
1757,W,CoverMyMeds - Careers,https://www.awwwards.com/sites/cover-my-meds-careers,motion,背景演出候補,3D / Three.js,Awwwards — Sites of the Day,https://www.awwwards.com/websites/sites_of_the_day/?page=75
1758,W,MacBook Pro 16-inch,https://www.awwwards.com/sites/macbook-pro-16-inch,motion,背景演出候補,Big Background Images / GLSL / WebGL,Awwwards — Sites of the Day,https://www.awwwards.com/websites/sites_of_the_day/?page=75
1761,W,Martine Rose,https://www.awwwards.com/sites/martine-rose,ecommerce,背景演出候補,Big Background Images,Awwwards — Sites of the Day,https://www.awwwards.com/websites/sites_of_the_day/?page=75
1762,W,100 DAYS OF POETRY,https://www.awwwards.com/sites/100-days-of-poetry,motion,背景演出候補,GLSL / WebGL,Awwwards — Sites of the Day,https://www.awwwards.com/websites/sites_of_the_day/?page=75
1763,W,SHUTDOWN.gallery,https://www.awwwards.com/sites/shutdown-gallery,motion,背景演出候補,3D / GLSL / Three.js / WebGL,Awwwards — Sites of the Day,https://www.awwwards.com/websites/sites_of_the_day/?page=75
1766,W,Clmt. — Photography,https://www.awwwards.com/sites/clmt-photography,motion,背景演出候補,GLSL / Three.js / WebGL,Awwwards — Sites of the Day,https://www.awwwards.com/websites/sites_of_the_day/?page=75
1770,W,HENGE,https://www.awwwards.com/sites/henge-1,motion,背景演出候補,GLSL / WebGL,Awwwards — Sites of the Day,https://www.awwwards.com/websites/sites_of_the_day/?page=75
1772,X,Edoardo Smerilli–Film Director,https://www.awwwards.com/sites/edoardo-smerilli-film-director,motion,背景演出候補,Three.js / WebGL,Awwwards — Sites of the Day,https://www.awwwards.com/websites/sites_of_the_day/?page=75
1775,X,type.kontrapunkt.com,https://www.awwwards.com/sites/type-kontrapunkt-com,motion,背景演出候補,3D / Three.js / WebGL,Awwwards — Sites of the Day,https://www.awwwards.com/websites/sites_of_the_day/?page=75
1777,X,Houses Of,https://www.awwwards.com/sites/houses-of,motion,背景演出候補,WebGL,Awwwards — Sites of the Day,https://www.awwwards.com/websites/sites_of_the_day/?page=76
1778,X,DEGENESIS,https://www.awwwards.com/sites/degenesis,motion,背景演出候補,Three.js,Awwwards — Sites of the Day,https://www.awwwards.com/websites/sites_of_the_day/?page=76
1779,X,Wray & Nephew,https://www.awwwards.com/sites/wray-nephew,motion,背景演出候補,3D / WebGL,Awwwards — Sites of the Day,https://www.awwwards.com/websites/sites_of_the_day/?page=76
1780,X,Mixlegno group,https://www.awwwards.com/sites/mixlegno-com,motion,背景演出候補,Big Background Images,Awwwards — Sites of the Day,https://www.awwwards.com/websites/sites_of_the_day/?page=76
1781,X,Skål Agence,https://www.awwwards.com/sites/skal-agence,motion,背景演出候補,Big Background Images,Awwwards — Sites of the Day,https://www.awwwards.com/websites/sites_of_the_day/?page=76
1782,X,Yannis Yannakopoulos,https://www.awwwards.com/sites/yannis-yannakopoulos,motion,背景演出候補,GLSL / Three.js / WebGL,Awwwards — Sites of the Day,https://www.awwwards.com/websites/sites_of_the_day/?page=76
1783,X,Jam3 - FWA 100,https://www.awwwards.com/sites/jam3-fwa-100,motion,背景演出候補,WebGL,Awwwards — Sites of the Day,https://www.awwwards.com/websites/sites_of_the_day/?page=76
1784,X,International Women’s Day,https://www.awwwards.com/sites/international-womens-day,motion,背景演出候補,GLSL,Awwwards — Sites of the Day,https://www.awwwards.com/websites/sites_of_the_day/?page=76
1786,X,Diesel Wynwood,https://www.awwwards.com/sites/diesel-wynwood,motion,背景演出候補,WebGL,Awwwards — Sites of the Day,https://www.awwwards.com/websites/sites_of_the_day/?page=76
1787,X,CUSP,https://www.awwwards.com/sites/cusp,motion,背景演出候補,GLSL / Three.js / WebGL,Awwwards — Sites of the Day,https://www.awwwards.com/websites/sites_of_the_day/?page=76
1789,X,Fiomet,https://www.awwwards.com/sites/fiomet,motion,背景演出候補,3D / WebGL,Awwwards — Sites of the Day,https://www.awwwards.com/websites/sites_of_the_day/?page=76
1791,X,Stone and Style,https://www.awwwards.com/sites/stone-and-style,motion,背景演出候補,3D / Three.js / WebGL,Awwwards — Sites of the Day,https://www.awwwards.com/websites/sites_of_the_day/?page=76
1792,X,Powerhouse Company,https://www.awwwards.com/sites/powerhouse-company,motion,背景演出候補,Three.js / WebGL,Awwwards — Sites of the Day,https://www.awwwards.com/websites/sites_of_the_day/?page=76
1793,X,Shape Studio,https://www.awwwards.com/sites/shape-studio,motion,背景演出候補,WebGL,Awwwards — Sites of the Day,https://www.awwwards.com/websites/sites_of_the_day/?page=76
1795,X,Polly Kole,https://www.awwwards.com/sites/polly-kole,motion,背景演出候補,3D / GLSL / WebGL,Awwwards — Sites of the Day,https://www.awwwards.com/websites/sites_of_the_day/?page=76
1798,X,BALLSYSTEM,https://www.awwwards.com/sites/ballsystem,motion,背景演出候補,3D / GLSL / Three.js / WebGL,Awwwards — Sites of the Day,https://www.awwwards.com/websites/sites_of_the_day/?page=76
1802,X,Pitok Motor Museum,https://www.awwwards.com/sites/pitok-motor-museum,motion,背景演出候補,Big Background Images,Awwwards — Sites of the Day,https://www.awwwards.com/websites/sites_of_the_day/?page=76
1803,X,Castor & Pollux RSE,https://www.awwwards.com/sites/castor-pollux-rse,motion,背景演出候補,GLSL,Awwwards — Sites of the Day,https://www.awwwards.com/websites/sites_of_the_day/?page=76
1804,X,Käthe Kollwitz Memorial,https://www.awwwards.com/sites/kathe-kollwitz-memorial,motion,背景演出候補,WebGL,Awwwards — Sites of the Day,https://www.awwwards.com/websites/sites_of_the_day/?page=76
1805,X,Zenly,https://www.awwwards.com/sites/zenly,motion,背景演出候補,3D / Three.js / WebGL,Awwwards — Sites of the Day,https://www.awwwards.com/websites/sites_of_the_day/?page=76
1807,X,Cellular Agriculture Society,https://www.awwwards.com/sites/cellular-agriculture-society,motion,背景演出候補,WebGL,Awwwards — Sites of the Day,https://www.awwwards.com/websites/sites_of_the_day/?page=77
1809,X,CIRCUS Inc.,https://www.awwwards.com/sites/circus-inc,motion,背景演出候補,3D / GLSL / Three.js / WebGL,Awwwards — Sites of the Day,https://www.awwwards.com/websites/sites_of_the_day/?page=77
1811,X,Playful Creative Collective,https://www.awwwards.com/sites/playful-creative-collective,motion,背景演出候補,3D,Awwwards — Sites of the Day,https://www.awwwards.com/websites/sites_of_the_day/?page=77
1812,X,Wannabe™,https://www.awwwards.com/sites/wannabe-2,motion,背景演出候補,GLSL / Three.js / WebGL,Awwwards — Sites of the Day,https://www.awwwards.com/websites/sites_of_the_day/?page=77
1814,X,Yoichi Kobayashi,https://www.awwwards.com/sites/yoichi-kobayashi,motion,背景演出候補,3D / GLSL / Three.js / WebGL,Awwwards — Sites of the Day,https://www.awwwards.com/websites/sites_of_the_day/?page=77
1815,X,Rouser,https://www.awwwards.com/sites/rouser,motion,背景演出候補,Big Background Images / WebGL,Awwwards — Sites of the Day,https://www.awwwards.com/websites/sites_of_the_day/?page=77
1816,X,PANAMÆRA,https://www.awwwards.com/sites/panamaera,motion,背景演出候補,GLSL / WebGL,Awwwards — Sites of the Day,https://www.awwwards.com/websites/sites_of_the_day/?page=77
1817,X,Acura: Beat That,https://www.awwwards.com/sites/acura-beat-that,motion,背景演出候補,GLSL / WebGL,Awwwards — Sites of the Day,https://www.awwwards.com/websites/sites_of_the_day/?page=77
1818,X,56k.Cloud,https://www.awwwards.com/sites/56k-cloud,motion,背景演出候補,WebGL,Awwwards — Sites of the Day,https://www.awwwards.com/websites/sites_of_the_day/?page=77
1823,X,Below the Surface AR,https://www.awwwards.com/sites/below-the-surface-ar,motion,背景演出候補,3D / WebGL,Awwwards — Sites of the Day,https://www.awwwards.com/websites/sites_of_the_day/?page=77
1827,X,Throwbacks Music,https://www.awwwards.com/sites/throwbacks-music,motion,背景演出候補,Three.js / WebGL,Awwwards — Sites of the Day,https://www.awwwards.com/websites/sites_of_the_day/?page=77
1828,X,Brother Film Co,https://www.awwwards.com/sites/brother-film-co,motion,背景演出候補,3D / Three.js / WebGL,Awwwards — Sites of the Day,https://www.awwwards.com/websites/sites_of_the_day/?page=77
1829,X,Bh Studio,https://www.awwwards.com/sites/bh-studio,motion,背景演出候補,WebGL,Awwwards — Sites of the Day,https://www.awwwards.com/websites/sites_of_the_day/?page=77
1830,X,Tula microphones,https://www.awwwards.com/sites/tula-microphones,motion,背景演出候補,3D / Three.js / WebGL,Awwwards — Sites of the Day,https://www.awwwards.com/websites/sites_of_the_day/?page=77
1831,X,Le Studio Digital,https://www.awwwards.com/sites/le-studio-digital,motion,背景演出候補,3D,Awwwards — Sites of the Day,https://www.awwwards.com/websites/sites_of_the_day/?page=77
1836,X,1917- Into the Trenches,https://www.awwwards.com/sites/1917-into-the-trenches,motion,背景演出候補,3D / Three.js / WebGL,Awwwards — Sites of the Day,https://www.awwwards.com/websites/sites_of_the_day/?page=77
1837,X,Penzgidromash,https://www.awwwards.com/sites/penzgidromash,motion,背景演出候補,3D / WebGL,Awwwards — Sites of the Day,https://www.awwwards.com/websites/sites_of_the_day/?page=77
1838,X,Vallourec,https://www.awwwards.com/sites/vallourec,motion,背景演出候補,3D / Three.js / WebGL,Awwwards — Sites of the Day,https://www.awwwards.com/websites/sites_of_the_day/?page=78
1839,X,Alessandra Zanghi Studio,https://www.awwwards.com/sites/alessandra-zanghi-studio,motion,背景演出候補,Three.js / WebGL,Awwwards — Sites of the Day,https://www.awwwards.com/websites/sites_of_the_day/?page=78
1840,X,The Year of Greta,https://www.awwwards.com/sites/the-year-of-greta,motion,背景演出候補,Three.js,Awwwards — Sites of the Day,https://www.awwwards.com/websites/sites_of_the_day/?page=78
1841,X,Nova Smart Home,https://www.awwwards.com/sites/nova-smart-home,motion,背景演出候補,3D / GLSL / Three.js,Awwwards — Sites of the Day,https://www.awwwards.com/websites/sites_of_the_day/?page=78
1842,X,DDD HOTEL,https://www.awwwards.com/sites/ddd-hotel,motion,背景演出候補,Three.js / WebGL,Awwwards — Sites of the Day,https://www.awwwards.com/websites/sites_of_the_day/?page=78
1848,X,21 Capital,https://www.awwwards.com/sites/21-capital,motion,背景演出候補,3D,Awwwards — Sites of the Day,https://www.awwwards.com/websites/sites_of_the_day/?page=78
1849,Y,Skyline Films,https://www.awwwards.com/sites/skyline-films,motion,背景演出候補,Three.js / WebGL,Awwwards — Sites of the Day,https://www.awwwards.com/websites/sites_of_the_day/?page=78
1851,Y,LEQB,https://www.awwwards.com/sites/leqb,motion,背景演出候補,Three.js / WebGL,Awwwards — Sites of the Day,https://www.awwwards.com/websites/sites_of_the_day/?page=78
1852,Y,DDNA,https://www.awwwards.com/sites/ddna,motion,背景演出候補,Three.js,Awwwards — Sites of the Day,https://www.awwwards.com/websites/sites_of_the_day/?page=78
1854,Y,"Victor Work | Folio 20""",https://www.awwwards.com/sites/victor-work-20,motion,背景演出候補,GLSL / WebGL,Awwwards — Sites of the Day,https://www.awwwards.com/websites/sites_of_the_day/?page=78
1857,Y,Statskogmillionen,https://www.awwwards.com/sites/statskogmillionen,motion,背景演出候補,GLSL / Three.js / WebGL,Awwwards — Sites of the Day,https://www.awwwards.com/websites/sites_of_the_day/?page=78
1858,Y,Let Girls Dream,https://www.awwwards.com/sites/let-girls-dream,motion,背景演出候補,Three.js,Awwwards — Sites of the Day,https://www.awwwards.com/websites/sites_of_the_day/?page=78
1859,Y,Mirage Festival - 8th Edition,https://www.awwwards.com/sites/mirage-festival-8th-edition,motion,背景演出候補,WebGL,Awwwards — Sites of the Day,https://www.awwwards.com/websites/sites_of_the_day/?page=78
1860,Y,We are ZIZO,https://www.awwwards.com/sites/we-are-zizo,motion,背景演出候補,3D / Three.js / WebGL,Awwwards — Sites of the Day,https://www.awwwards.com/websites/sites_of_the_day/?page=78
1862,Y,Bruno Ortolland,https://www.awwwards.com/sites/bruno-ortolland,motion,背景演出候補,3D / Three.js / WebGL,Awwwards — Sites of the Day,https://www.awwwards.com/websites/sites_of_the_day/?page=78
1863,Y,The Turn of the Screw,https://www.awwwards.com/sites/the-turn-of-the-screw,motion,背景演出候補,3D / Three.js / WebGL,Awwwards — Sites of the Day,https://www.awwwards.com/websites/sites_of_the_day/?page=78
1865,Y,Fitlab,https://www.awwwards.com/sites/fitlab,motion,背景演出候補,Big Background Images,Awwwards — Sites of the Day,https://www.awwwards.com/websites/sites_of_the_day/?page=78
1868,Y,RED Company,https://www.awwwards.com/sites/red-company,layout,背景演出候補,Big Background Images,Awwwards — Sites of the Day,https://www.awwwards.com/websites/sites_of_the_day/?page=78
1869,Y,Nightingale,https://www.awwwards.com/sites/nightingale,motion,背景演出候補,Three.js / WebGL,Awwwards — Sites of the Day,https://www.awwwards.com/websites/sites_of_the_day/?page=79
1870,Y,Apple AirPods Pro,https://www.awwwards.com/sites/apple-airpods-pro,motion,背景演出候補,GLSL / WebGL,Awwwards — Sites of the Day,https://www.awwwards.com/websites/sites_of_the_day/?page=79
1872,Y,RedCollar Font,https://www.awwwards.com/sites/redcollar-font,motion,背景演出候補,GLSL / Three.js / WebGL,Awwwards — Sites of the Day,https://www.awwwards.com/websites/sites_of_the_day/?page=79
1877,Y,maxilla,https://www.awwwards.com/sites/maxilla-1,motion,背景演出候補,3D / Three.js / WebGL,Awwwards — Sites of the Day,https://www.awwwards.com/websites/sites_of_the_day/?page=79
1878,Y,Makers & Dreamers,https://www.awwwards.com/sites/makers-dreamers,product,背景演出候補,Big Background Images,Awwwards — Sites of the Day,https://www.awwwards.com/websites/sites_of_the_day/?page=79
1879,Y,Helias Oils,https://www.awwwards.com/sites/helias-oils,motion,背景演出候補,WebGL,Awwwards — Sites of the Day,https://www.awwwards.com/websites/sites_of_the_day/?page=79
1880,Y,Jesper Landberg,https://www.awwwards.com/sites/jesper-landberg-2,motion,背景演出候補,WebGL,Awwwards — Sites of the Day,https://www.awwwards.com/websites/sites_of_the_day/?page=79
1884,Y,ULTIMA GSTAAD SWITZERLAND,https://www.awwwards.com/sites/ultima-gstaad-switzerland,motion,背景演出候補,Big Background Images,Awwwards — Sites of the Day,https://www.awwwards.com/websites/sites_of_the_day/?page=79
1885,Y,Darker Lights,https://www.awwwards.com/sites/darker-lights,typography,背景演出候補,Three.js,Awwwards — Sites of the Day,https://www.awwwards.com/websites/sites_of_the_day/?page=79
1886,Y,Toonami 2019,https://www.awwwards.com/sites/toonami-2019,motion,背景演出候補,3D / WebGL,Awwwards — Sites of the Day,https://www.awwwards.com/websites/sites_of_the_day/?page=79
1887,Y,Helixes Inc.,https://www.awwwards.com/sites/helixes-inc,motion,背景演出候補,GLSL / WebGL,Awwwards — Sites of the Day,https://www.awwwards.com/websites/sites_of_the_day/?page=79
1890,Y,FPP,https://www.awwwards.com/sites/fpp,motion,背景演出候補,3D / WebGL,Awwwards — Sites of the Day,https://www.awwwards.com/websites/sites_of_the_day/?page=79
1891,Y,MaxMara Bearing Gifts,https://www.awwwards.com/sites/maxmara-bearing-gifts,motion,背景演出候補,3D / Three.js / WebGL,Awwwards — Sites of the Day,https://www.awwwards.com/websites/sites_of_the_day/?page=79
1892,Y,Flat UI And A Half,https://www.awwwards.com/sites/flat-ui-and-a-half,motion,背景演出候補,3D / Three.js / WebGL,Awwwards — Sites of the Day,https://www.awwwards.com/websites/sites_of_the_day/?page=79
1895,Y,Plink by Mollie,https://www.awwwards.com/sites/plink-by-mollie,motion,背景演出候補,3D,Awwwards — Sites of the Day,https://www.awwwards.com/websites/sites_of_the_day/?page=79
1898,Y,Talia,https://www.awwwards.com/sites/talia,motion,背景演出候補,WebGL,Awwwards — Sites of the Day,https://www.awwwards.com/websites/sites_of_the_day/?page=79
1902,Y,Taro Yoshimura,https://www.awwwards.com/sites/taro-yoshimura,motion,背景演出候補,GLSL / Three.js / WebGL,Awwwards — Sites of the Day,https://www.awwwards.com/websites/sites_of_the_day/?page=80
1903,Y,Steer the Deer,https://www.awwwards.com/sites/steer-the-deer,motion,背景演出候補,3D / Three.js,Awwwards — Sites of the Day,https://www.awwwards.com/websites/sites_of_the_day/?page=80
1906,Y,Ilya Kulbachny,https://www.awwwards.com/sites/ilya-kulbachny,motion,背景演出候補,Big Background Images / Three.js,Awwwards — Sites of the Day,https://www.awwwards.com/websites/sites_of_the_day/?page=80
1909,Y,#ZonaNorte,https://www.awwwards.com/sites/zonanorte,motion,背景演出候補,Big Background Images / WebGL,Awwwards — Sites of the Day,https://www.awwwards.com/websites/sites_of_the_day/?page=80
1912,Y,Esperanto,https://www.awwwards.com/sites/esperanto,motion,背景演出候補,3D / WebGL,Awwwards — Sites of the Day,https://www.awwwards.com/websites/sites_of_the_day/?page=80
1914,Y,Loop Japan,https://www.awwwards.com/sites/loop-japan,motion,背景演出候補,Big Background Images,Awwwards — Sites of the Day,https://www.awwwards.com/websites/sites_of_the_day/?page=80
1915,Y,Rimowa Unique,https://www.awwwards.com/sites/rimowa-unique,motion,背景演出候補,3D / Three.js / WebGL,Awwwards — Sites of the Day,https://www.awwwards.com/websites/sites_of_the_day/?page=80
1916,Y,Yuto Takahashi,https://www.awwwards.com/sites/yuto-takahashi,motion,背景演出候補,WebGL,Awwwards — Sites of the Day,https://www.awwwards.com/websites/sites_of_the_day/?page=80
1918,Y,Travelshift,https://www.awwwards.com/sites/travelshift,motion,背景演出候補,3D / Three.js / WebGL,Awwwards — Sites of the Day,https://www.awwwards.com/websites/sites_of_the_day/?page=80
1919,Y,UNLOCK YOU｜WW,https://www.awwwards.com/sites/unlock-you-ww,motion,背景演出候補,3D / GLSL / Three.js / WebGL,Awwwards — Sites of the Day,https://www.awwwards.com/websites/sites_of_the_day/?page=80
1921,Y,Sacha Tourtoulou - Portfolio,https://www.awwwards.com/sites/sacha-tourtoulou-portfolio,motion,背景演出候補,GLSL / WebGL,Awwwards — Sites of the Day,https://www.awwwards.com/websites/sites_of_the_day/?page=80
1926,Z,Trip in the dark,https://www.awwwards.com/sites/trip-in-the-dark,motion,背景演出候補,3D / Three.js,Awwwards — Sites of the Day,https://www.awwwards.com/websites/sites_of_the_day/?page=80
1929,Z,AKARU,https://www.awwwards.com/sites/akaru-studio,motion,背景演出候補,GLSL / Three.js / WebGL,Awwwards — Sites of the Day,https://www.awwwards.com/websites/sites_of_the_day/?page=80
1932,Z,Reform Collective,https://www.awwwards.com/sites/reform-collective-1,motion,背景演出候補,3D / WebGL,Awwwards — Sites of the Day,https://www.awwwards.com/websites/sites_of_the_day/?page=81
1933,Z,Bruno Arizio – Portfolio,https://www.awwwards.com/sites/bruno-arizio-portfolio,motion,背景演出候補,GLSL / Three.js / WebGL,Awwwards — Sites of the Day,https://www.awwwards.com/websites/sites_of_the_day/?page=81
1935,Z,Google Pixel 4,https://www.awwwards.com/sites/google-pixel-4,motion,背景演出候補,3D,Awwwards — Sites of the Day,https://www.awwwards.com/websites/sites_of_the_day/?page=81
1936,Z,L'occitane: Seeds of dreams,https://www.awwwards.com/sites/loccitane-seeds-of-dreams,motion,背景演出候補,Three.js / WebGL,Awwwards — Sites of the Day,https://www.awwwards.com/websites/sites_of_the_day/?page=81
1937,Z,PREVINT,https://www.awwwards.com/sites/prevint,motion,背景演出候補,WebGL,Awwwards — Sites of the Day,https://www.awwwards.com/websites/sites_of_the_day/?page=81
1939,Z,Noiz!,https://www.awwwards.com/sites/noiz,motion,背景演出候補,GLSL / WebGL,Awwwards — Sites of the Day,https://www.awwwards.com/websites/sites_of_the_day/?page=81
1947,Z,Bruno Simon Portfolio,https://www.awwwards.com/sites/bruno-simon-portfolio,motion,背景演出候補,3D / Three.js,Awwwards — Sites of the Day,https://www.awwwards.com/websites/sites_of_the_day/?page=81
1951,Z,Misato town,https://www.awwwards.com/sites/misato-town,motion,背景演出候補,Three.js / WebGL,Awwwards — Sites of the Day,https://www.awwwards.com/websites/sites_of_the_day/?page=81
1953,Z,wecargo,https://www.awwwards.com/sites/wecargo,motion,背景演出候補,GLSL / Three.js / WebGL,Awwwards — Sites of the Day,https://www.awwwards.com/websites/sites_of_the_day/?page=81
1956,Z,Digital Design Days Festival,https://www.awwwards.com/sites/digital-design-days-festival,motion,背景演出候補,3D / WebGL,Awwwards — Sites of the Day,https://www.awwwards.com/websites/sites_of_the_day/?page=81
1957,Z,Knives Out Official Movie Site,https://www.awwwards.com/sites/knives-out-official-movie-site,motion,背景演出候補,3D / Three.js,Awwwards — Sites of the Day,https://www.awwwards.com/websites/sites_of_the_day/?page=81
1960,Z,Soletanche Bachy experience,https://www.awwwards.com/sites/soletanche-bachy-experience,motion,背景演出候補,3D,Awwwards — Sites of the Day,https://www.awwwards.com/websites/sites_of_the_day/?page=81
1962,Z,Minimal Wim,https://www.awwwards.com/sites/minimal-wim,motion,背景演出候補,WebGL,Awwwards — Sites of the Day,https://www.awwwards.com/websites/sites_of_the_day/?page=82
1963,Z,8 Design Trends by Red Collar,https://www.awwwards.com/sites/8-design-trends-by-red-collar,motion,背景演出候補,3D / Big Background Images / GLSL / Three.js / WebGL,Awwwards — Sites of the Day,https://www.awwwards.com/websites/sites_of_the_day/?page=82
1964,Z,Google Pixel Buds,https://www.awwwards.com/sites/google-pixel-buds-launch-page,motion,背景演出候補,3D,Awwwards — Sites of the Day,https://www.awwwards.com/websites/sites_of_the_day/?page=82
1965,Z,WebVR site for The White Tower,https://www.awwwards.com/sites/webvr-site-for-the-white-tower,motion,背景演出候補,3D / Three.js / WebGL,Awwwards — Sites of the Day,https://www.awwwards.com/websites/sites_of_the_day/?page=82
1971,Z,Discovery Land Company,https://www.awwwards.com/sites/discovery-land-company,motion,背景演出候補,WebGL,Awwwards — Sites of the Day,https://www.awwwards.com/websites/sites_of_the_day/?page=82
1974,Z,Lafaurie Paris,https://www.awwwards.com/sites/lafaurie-paris,motion,背景演出候補,Big Background Images,Awwwards — Sites of the Day,https://www.awwwards.com/websites/sites_of_the_day/?page=82
1975,Z,Cobo,https://www.awwwards.com/sites/cobo,motion,背景演出候補,Three.js / WebGL,Awwwards — Sites of the Day,https://www.awwwards.com/websites/sites_of_the_day/?page=82
1976,Z,"Waka Waka, Collection N01",https://www.awwwards.com/sites/waka-waka-collection-n01,motion,背景演出候補,WebGL,Awwwards — Sites of the Day,https://www.awwwards.com/websites/sites_of_the_day/?page=82
1978,Z,Rogue Studio,https://www.awwwards.com/sites/rogue-studio,motion,背景演出候補,WebGL,Awwwards — Sites of the Day,https://www.awwwards.com/websites/sites_of_the_day/?page=82
1980,Z,Red Edition,https://www.awwwards.com/sites/red-edition,ecommerce,背景演出候補,Big Background Images,Awwwards — Sites of the Day,https://www.awwwards.com/websites/sites_of_the_day/?page=82
1981,Z,Wonderful Weekends,https://www.awwwards.com/sites/wonderful-weekends,motion,背景演出候補,3D / WebGL,Awwwards — Sites of the Day,https://www.awwwards.com/websites/sites_of_the_day/?page=82
1983,Z,FILA Explore,https://www.awwwards.com/sites/fila-explore,motion,背景演出候補,Three.js / WebGL,Awwwards — Sites of the Day,https://www.awwwards.com/websites/sites_of_the_day/?page=82
1984,Z,Jesus Is King,https://www.awwwards.com/sites/jesus-is-king,motion,背景演出候補,3D / Three.js,Awwwards — Sites of the Day,https://www.awwwards.com/websites/sites_of_the_day/?page=82
1985,Z,eDesign Interactive,https://www.awwwards.com/sites/edesign-interactive,motion,背景演出候補,3D,Awwwards — Sites of the Day,https://www.awwwards.com/websites/sites_of_the_day/?page=82
1986,Z,Guide to Polish design,https://www.awwwards.com/sites/guide-to-polish-design,motion,背景演出候補,3D / GLSL / Three.js / WebGL,Awwwards — Sites of the Day,https://www.awwwards.com/websites/sites_of_the_day/?page=82
1989,Z,#24hourace,https://www.awwwards.com/sites/24hourace,motion,背景演出候補,3D / GLSL / Three.js / WebGL,Awwwards — Sites of the Day,https://www.awwwards.com/websites/sites_of_the_day/?page=82
1990,Z,Active Theory v5,https://www.awwwards.com/sites/active-theory-v5,motion,背景演出候補,WebGL,Awwwards — Sites of the Day,https://www.awwwards.com/websites/sites_of_the_day/?page=82
1996,Z,Plenaire,https://www.awwwards.com/sites/plenaire,motion,背景演出候補,WebGL,Awwwards — Sites of the Day,https://www.awwwards.com/websites/sites_of_the_day/?page=83
1997,Z,BBC: Real Happiness Project,https://www.awwwards.com/sites/bbc-real-happiness-project,motion,背景演出候補,3D / Big Background Images / Three.js / WebGL,Awwwards — Sites of the Day,https://www.awwwards.com/websites/sites_of_the_day/?page=83
1999,Z,Bon Iver Viisualiizer,https://www.awwwards.com/sites/bon-iver-visualizer,motion,背景演出候補,WebGL,Awwwards — Sites of the Day,https://www.awwwards.com/websites/sites_of_the_day/?page=83
2000,Z,Design Embraced,https://www.awwwards.com/sites/design-embraced-portfolio,motion,背景演出候補,GLSL / WebGL,Awwwards — Sites of the Day,https://www.awwwards.com/websites/sites_of_the_day/?page=83
